<?xml version = '1.0' encoding = 'UTF-8'?>
<Table class="oracle.dbtools.crest.model.design.relational.Table" directorySegmentName="seg_0" id="37CEBBA6-FE84-97D5-1FF4-3967E78308B5" name="MEDICAMENTO">
<createdBy>kvhidalgo</createdBy>
<createdTime>2025-09-22 17:29:52 UTC</createdTime>
<generatorID>906B3860-AA21-9AC4-B7AC-3D8D0443E567</generatorID>
<ownerDesignName>SEMANA6</ownerDesignName>
<allowColumnReorder>false</allowColumnReorder>
<existDependencyGenerateInDDl>true</existDependencyGenerateInDDl>
<parsed>true</parsed>
<columns itemClass="oracle.dbtools.crest.model.design.relational.Column">
<Column name="id_medicamento" id="C654B162-E01D-0E6D-EB7A-C2A9A4912C0D">
<createdBy>kvhidalgo</createdBy>
<createdTime>2025-09-22 17:29:52 UTC</createdTime>
<generatorID>DE7E2840-C984-CD8E-AF92-88D2F3BF2E1A</generatorID>
<ownerDesignName>SEMANA6</ownerDesignName>
<useDomainConstraints>false</useDomainConstraints>
<use>1</use>
<logicalDatatype>LOGDT011</logicalDatatype>
<ownDataTypeParameters>,,</ownDataTypeParameters>
<autoIncrementCycle>false</autoIncrementCycle>
</Column>
<Column name="nombre" id="D489BBF8-189D-5C2C-734A-AFB8593CCE34">
<createdBy>kvhidalgo</createdBy>
<createdTime>2025-09-22 17:29:52 UTC</createdTime>
<generatorID>30B6BD6F-18F8-D417-F455-129568F01AA4</generatorID>
<ownerDesignName>SEMANA6</ownerDesignName>
<useDomainConstraints>false</useDomainConstraints>
<use>1</use>
<logicalDatatype>LOGDT024</logicalDatatype>
<dataTypeSize>100</dataTypeSize>
<ownDataTypeParameters>100,,</ownDataTypeParameters>
<autoIncrementCycle>false</autoIncrementCycle>
</Column>
<Column name="tipo" id="1A24F716-0A0D-CBF3-5CC1-B9FD0AE9348A">
<createdBy>kvhidalgo</createdBy>
<createdTime>2025-09-22 17:29:52 UTC</createdTime>
<generatorID>AF01D1C6-AA87-57A8-7242-5DEE5BA9ECD0</generatorID>
<ownerDesignName>SEMANA6</ownerDesignName>
<nullsAllowed>true</nullsAllowed>
<useDomainConstraints>false</useDomainConstraints>
<use>1</use>
<logicalDatatype>LOGDT024</logicalDatatype>
<dataTypeSize>50</dataTypeSize>
<ownDataTypeParameters>50,,</ownDataTypeParameters>
<autoIncrementCycle>false</autoIncrementCycle>
</Column>
<Column name="stock" id="82B67860-06CF-2BC6-5B52-11BCC5BFCEB5">
<createdBy>kvhidalgo</createdBy>
<createdTime>2025-09-22 17:29:52 UTC</createdTime>
<generatorID>D861BBF4-F4E4-0424-D562-89966D544FB2</generatorID>
<ownerDesignName>SEMANA6</ownerDesignName>
<useDomainConstraints>false</useDomainConstraints>
<use>1</use>
<logicalDatatype>LOGDT011</logicalDatatype>
<ownDataTypeParameters>,,</ownDataTypeParameters>
<autoIncrementCycle>false</autoIncrementCycle>
</Column>
<Column name="precio" id="31624E61-43F5-568C-2A60-0A363AA81128">
<createdBy>kvhidalgo</createdBy>
<createdTime>2025-09-22 17:29:52 UTC</createdTime>
<generatorID>A070BF5B-9B8A-81A3-7372-C3096DF49D65</generatorID>
<ownerDesignName>SEMANA6</ownerDesignName>
<useDomainConstraints>false</useDomainConstraints>
<use>1</use>
<logicalDatatype>LOGDT026</logicalDatatype>
<dataTypePrecision>12</dataTypePrecision>
<dataTypeScale>2</dataTypeScale>
<ownDataTypeParameters>,12,2</ownDataTypeParameters>
<autoIncrementCycle>false</autoIncrementCycle>
</Column>
<Column name="DOSIS_dosis_recomendada" id="E241CED9-0A66-B068-A046-0D101436BD56">
<createdBy>kvhidalgo</createdBy>
<createdTime>2025-09-22 17:29:52 UTC</createdTime>
<generatorID>4261BCFE-880F-DAC6-14AF-9282488A0A9A</generatorID>
<ownerDesignName>SEMANA6</ownerDesignName>
<useDomainConstraints>false</useDomainConstraints>
<use>1</use>
<logicalDatatype>LOGDT024</logicalDatatype>
<dataTypeSize>100</dataTypeSize>
<ownDataTypeParameters>,,</ownDataTypeParameters>
<previousColumn>false</previousColumn>
<autoIncrementCycle>false</autoIncrementCycle>
<associations>
<colAssociation fkAssociation="F74C60D7-F391-F2D4-8C4E-E0109499028B" referredColumn="7C49265C-F7F4-DD7D-4C64-E1DC73FEFAEF"/>
</associations>
</Column>
<Column name="RECETA_id_receta" id="5906C296-B400-60B1-3526-8674FBC98FB5">
<createdBy>kvhidalgo</createdBy>
<createdTime>2025-09-22 17:29:52 UTC</createdTime>
<generatorID>43C7F790-50F6-F9FF-DDBC-842D22F4BF3B</generatorID>
<ownerDesignName>SEMANA6</ownerDesignName>
<useDomainConstraints>false</useDomainConstraints>
<use>1</use>
<logicalDatatype>LOGDT011</logicalDatatype>
<ownDataTypeParameters>,,</ownDataTypeParameters>
<previousColumn>false</previousColumn>
<autoIncrementCycle>false</autoIncrementCycle>
<associations>
<colAssociation fkAssociation="A2E9778A-18A4-0C03-E39A-7578E1F57084" referredColumn="0C680A8E-86DD-04E7-606D-CDC4214F0916"/>
</associations>
</Column>
</columns>
<indexes itemClass="oracle.dbtools.crest.model.design.relational.Index">
<ind_PK_UK id="6CFE306C-129A-8926-2A24-304B6B2F67FB" name="MEDICAMENTO_PK">
<createdBy>kvhidalgo</createdBy>
<createdTime>2025-09-22 17:29:52 UTC</createdTime>
<generatorID>D12B3A71-7EF3-B7D6-C2D5-598F09A6E32D</generatorID>
<ownerDesignName>SEMANA6</ownerDesignName>
<pk>true</pk>
<indexState>Primary Constraint</indexState>
<isSurrogateKey>false</isSurrogateKey>
<indexColumnUsage>
<colUsage columnID="C654B162-E01D-0E6D-EB7A-C2A9A4912C0D"/>
<colUsage columnID="5906C296-B400-60B1-3526-8674FBC98FB5"/>
</indexColumnUsage>
</ind_PK_UK>
<ind_PK_UK id="A667320D-7D5C-D1D8-6265-816BA742F311" name="MEDICAMENTO__IDX">
<createdBy>kvhidalgo</createdBy>
<createdTime>2025-09-22 17:29:52 UTC</createdTime>
<ownerDesignName>SEMANA6</ownerDesignName>
<indexState>Unique Plain Index</indexState>
<isSurrogateKey>false</isSurrogateKey>
<relationGeneratorID>91AAF789-B407-78D6-E73E-F3CC1CCB71CC</relationGeneratorID>
<indexColumnUsage>
<colUsage columnID="E241CED9-0A66-B068-A046-0D101436BD56"/>
</indexColumnUsage>
</ind_PK_UK>
<ind_PK_UK id="54E459D0-D6C5-B107-18EA-3354C7BD28C2" name="MEDICAMENTO_RECETA_FK">
<createdBy>kvhidalgo</createdBy>
<createdTime>2025-09-22 17:29:52 UTC</createdTime>
<generatorID>83533C3F-F6E2-DDBF-EDDB-DFA320688057</generatorID>
<ownerDesignName>SEMANA6</ownerDesignName>
<indexState>Foreign Key</indexState>
<isSurrogateKey>false</isSurrogateKey>
<indexColumnUsage>
<colUsage columnID="5906C296-B400-60B1-3526-8674FBC98FB5"/>
</indexColumnUsage>
</ind_PK_UK>
<ind_PK_UK id="1C1766F7-D568-48D9-0FA2-F3B5EA3765E0" name="MEDICAMENTO_DOSIS_FK">
<createdBy>kvhidalgo</createdBy>
<createdTime>2025-09-22 17:29:52 UTC</createdTime>
<generatorID>91AAF789-B407-78D6-E73E-F3CC1CCB71CC</generatorID>
<ownerDesignName>SEMANA6</ownerDesignName>
<indexState>Foreign Key</indexState>
<isSurrogateKey>false</isSurrogateKey>
<indexColumnUsage>
<colUsage columnID="E241CED9-0A66-B068-A046-0D101436BD56"/>
</indexColumnUsage>
</ind_PK_UK>
</indexes>
</Table>