<?xml version = '1.0' encoding = 'UTF-8'?>
<Table class="oracle.dbtools.crest.model.design.relational.Table" directorySegmentName="seg_0" id="3B4D0800-5E1F-8B07-AF66-7614EDE9680B" name="CONSULTA">
<createdBy>kvhidalgo</createdBy>
<createdTime>2025-09-22 17:29:52 UTC</createdTime>
<generatorID>F306D60F-593A-4D8B-003C-FC89DE32D8BE</generatorID>
<ownerDesignName>SEMANA6</ownerDesignName>
<allowColumnReorder>false</allowColumnReorder>
<existDependencyGenerateInDDl>true</existDependencyGenerateInDDl>
<parsed>true</parsed>
<columns itemClass="oracle.dbtools.crest.model.design.relational.Column">
<Column name="id_consulta" id="DEB4A475-099C-F76B-CA14-3853137996FC">
<createdBy>kvhidalgo</createdBy>
<createdTime>2025-09-22 17:29:52 UTC</createdTime>
<generatorID>D54D4234-96DB-271A-1473-549CCF7CF364</generatorID>
<ownerDesignName>SEMANA6</ownerDesignName>
<useDomainConstraints>false</useDomainConstraints>
<use>1</use>
<logicalDatatype>LOGDT011</logicalDatatype>
<ownDataTypeParameters>,,</ownDataTypeParameters>
<autoIncrementCycle>false</autoIncrementCycle>
</Column>
<Column name="fecha_consulta" id="FD9BE961-0C26-C7DD-7118-A8EDB266B513">
<createdBy>kvhidalgo</createdBy>
<createdTime>2025-09-22 17:29:52 UTC</createdTime>
<generatorID>395C2AA3-B1CC-F583-C3BA-99B65A2078A1</generatorID>
<ownerDesignName>SEMANA6</ownerDesignName>
<useDomainConstraints>false</useDomainConstraints>
<use>1</use>
<logicalDatatype>LOGDT007</logicalDatatype>
<ownDataTypeParameters>,,</ownDataTypeParameters>
<autoIncrementCycle>false</autoIncrementCycle>
</Column>
<Column name="motivo_consulta" id="7E49FF7C-76B7-6C2B-6BB3-FFC3316D9A3F">
<createdBy>kvhidalgo</createdBy>
<createdTime>2025-09-22 17:29:52 UTC</createdTime>
<generatorID>9227B623-B970-CB2A-7212-5E9E37FB7F51</generatorID>
<ownerDesignName>SEMANA6</ownerDesignName>
<nullsAllowed>true</nullsAllowed>
<useDomainConstraints>false</useDomainConstraints>
<use>1</use>
<logicalDatatype>LOGDT024</logicalDatatype>
<dataTypeSize>200</dataTypeSize>
<ownDataTypeParameters>200,,</ownDataTypeParameters>
<autoIncrementCycle>false</autoIncrementCycle>
</Column>
<Column name="PACIENTE_rut_paciente" id="2CEB95BC-72E6-6498-6D73-9B35987118FA">
<createdBy>kvhidalgo</createdBy>
<createdTime>2025-09-22 17:29:52 UTC</createdTime>
<generatorID>A74D3300-522D-33E7-59DA-42B863D6A93D</generatorID>
<ownerDesignName>SEMANA6</ownerDesignName>
<useDomainConstraints>false</useDomainConstraints>
<use>1</use>
<logicalDatatype>LOGDT024</logicalDatatype>
<dataTypeSize>10</dataTypeSize>
<ownDataTypeParameters>,,</ownDataTypeParameters>
<previousColumn>false</previousColumn>
<autoIncrementCycle>false</autoIncrementCycle>
<associations>
<colAssociation fkAssociation="414F76A6-86AE-3951-FCEA-A2027468384F" referredColumn="B5E04645-D017-D346-3E7E-56652F637485"/>
</associations>
</Column>
<Column name="DIGITADOR_rut_digitador" id="B5FFAE81-3E1C-2ED7-AA1D-A187AC5C5535">
<createdBy>kvhidalgo</createdBy>
<createdTime>2025-09-22 17:29:52 UTC</createdTime>
<generatorID>371FDB73-77F7-8A63-F867-7F8F7E21B99B</generatorID>
<ownerDesignName>SEMANA6</ownerDesignName>
<nullsAllowed>true</nullsAllowed>
<useDomainConstraints>false</useDomainConstraints>
<use>1</use>
<logicalDatatype>LOGDT024</logicalDatatype>
<dataTypeSize>10</dataTypeSize>
<ownDataTypeParameters>,,</ownDataTypeParameters>
<previousColumn>false</previousColumn>
<autoIncrementCycle>false</autoIncrementCycle>
<associations>
<colAssociation fkAssociation="7B16110D-6596-A17A-E552-67A151C0EA74" referredColumn="6A28A805-F39C-3ABF-9603-B12B4D076F4F"/>
</associations>
</Column>
</columns>
<indexes itemClass="oracle.dbtools.crest.model.design.relational.Index">
<ind_PK_UK id="C5191B02-3216-28C0-C01A-767D7002B87E" name="CONSULTA_PK">
<createdBy>kvhidalgo</createdBy>
<createdTime>2025-09-22 17:29:52 UTC</createdTime>
<generatorID>91CF5B45-86ED-EE7E-6BB6-441D0ED5AA03</generatorID>
<ownerDesignName>SEMANA6</ownerDesignName>
<pk>true</pk>
<indexState>Primary Constraint</indexState>
<isSurrogateKey>false</isSurrogateKey>
<indexColumnUsage>
<colUsage columnID="DEB4A475-099C-F76B-CA14-3853137996FC"/>
</indexColumnUsage>
</ind_PK_UK>
<ind_PK_UK id="6AD02BFA-ABB0-5C58-412E-BE3947B5D2CB" name="CONSULTA_DIGITADOR_FK">
<createdBy>kvhidalgo</createdBy>
<createdTime>2025-09-22 17:29:52 UTC</createdTime>
<generatorID>29F0EB7A-BE97-0837-BBA9-A07E95CB2909</generatorID>
<ownerDesignName>SEMANA6</ownerDesignName>
<indexState>Foreign Key</indexState>
<isSurrogateKey>false</isSurrogateKey>
<indexColumnUsage>
<colUsage columnID="B5FFAE81-3E1C-2ED7-AA1D-A187AC5C5535"/>
</indexColumnUsage>
</ind_PK_UK>
<ind_PK_UK id="1F0747DC-9AB9-4540-89EC-FBABD956C9FA" name="CONSULTA_PACIENTE_FK">
<createdBy>kvhidalgo</createdBy>
<createdTime>2025-09-22 17:29:52 UTC</createdTime>
<generatorID>3F74E52C-1D45-3068-558F-98ED2EF687A1</generatorID>
<ownerDesignName>SEMANA6</ownerDesignName>
<indexState>Foreign Key</indexState>
<isSurrogateKey>false</isSurrogateKey>
<indexColumnUsage>
<colUsage columnID="2CEB95BC-72E6-6498-6D73-9B35987118FA"/>
</indexColumnUsage>
</ind_PK_UK>
</indexes>
</Table>