<?xml version = '1.0' encoding = 'UTF-8'?>
<Table class="oracle.dbtools.crest.model.design.relational.Table" directorySegmentName="seg_0" id="3F2521FC-38F2-C1E2-E6FD-4963C16DA735" name="Relation_13">
<createdBy>kvhidalgo</createdBy>
<createdTime>2025-09-22 17:29:52 UTC</createdTime>
<ownerDesignName>SEMANA6</ownerDesignName>
<allowColumnReorder>false</allowColumnReorder>
<existDependencyGenerateInDDl>true</existDependencyGenerateInDDl>
<parsed>true</parsed>
<columns itemClass="oracle.dbtools.crest.model.design.relational.Column">
<Column name="CONSULTA_id_consulta" id="5087D562-D818-44B7-2E1B-6FB0597D1398">
<createdBy>kvhidalgo</createdBy>
<createdTime>2025-09-22 17:29:52 UTC</createdTime>
<ownerDesignName>SEMANA6</ownerDesignName>
<useDomainConstraints>false</useDomainConstraints>
<use>1</use>
<logicalDatatype>LOGDT011</logicalDatatype>
<ownDataTypeParameters>,,</ownDataTypeParameters>
<previousColumn>false</previousColumn>
<autoIncrementCycle>false</autoIncrementCycle>
<associations>
<colAssociation fkAssociation="B34B98D4-14A2-4D2F-C1DE-22624D1EB6E8" referredColumn="DEB4A475-099C-F76B-CA14-3853137996FC"/>
</associations>
</Column>
<Column name="DIAGNOSTICO_id_diagnostico" id="5E99BA6D-9035-406B-0C93-ABAF5AB7127E">
<createdBy>kvhidalgo</createdBy>
<createdTime>2025-09-22 17:29:52 UTC</createdTime>
<ownerDesignName>SEMANA6</ownerDesignName>
<useDomainConstraints>false</useDomainConstraints>
<use>1</use>
<logicalDatatype>LOGDT011</logicalDatatype>
<ownDataTypeParameters>,,</ownDataTypeParameters>
<previousColumn>false</previousColumn>
<autoIncrementCycle>false</autoIncrementCycle>
<associations>
<colAssociation fkAssociation="3EEB43B3-2F6B-01AB-E1E9-83D2293185B1" referredColumn="EFE643F3-C5C7-2254-48AF-B143F2E48F67"/>
</associations>
</Column>
</columns>
<indexes itemClass="oracle.dbtools.crest.model.design.relational.Index">
<ind_PK_UK id="79214142-4FF0-AF11-81DC-AAABF5CE7495" name="Relation_13_PK">
<createdBy>kvhidalgo</createdBy>
<createdTime>2025-09-22 17:29:52 UTC</createdTime>
<ownerDesignName>SEMANA6</ownerDesignName>
<pk>true</pk>
<indexState>Primary Constraint</indexState>
<isSurrogateKey>false</isSurrogateKey>
<indexColumnUsage>
<colUsage columnID="5087D562-D818-44B7-2E1B-6FB0597D1398"/>
<colUsage columnID="5E99BA6D-9035-406B-0C93-ABAF5AB7127E"/>
</indexColumnUsage>
</ind_PK_UK>
<ind_PK_UK id="4C054873-D9E1-135D-728A-66E3C8831C8C" name="Relation_13_CONSULTA_FK">
<createdBy>kvhidalgo</createdBy>
<createdTime>2025-09-22 17:29:52 UTC</createdTime>
<generatorID>9C4234A8-9320-0C20-83D3-9F7DE284FBC0</generatorID>
<ownerDesignName>SEMANA6</ownerDesignName>
<indexState>Foreign Key</indexState>
<isSurrogateKey>false</isSurrogateKey>
<indexColumnUsage>
<colUsage columnID="5087D562-D818-44B7-2E1B-6FB0597D1398"/>
</indexColumnUsage>
</ind_PK_UK>
<ind_PK_UK id="5ED0EF81-1A31-7DCD-F84D-728053B8C91E" name="Relation_13_DIAGNOSTICO_FK">
<createdBy>kvhidalgo</createdBy>
<createdTime>2025-09-22 17:29:52 UTC</createdTime>
<generatorID>9C4234A8-9320-0C20-83D3-9F7DE284FBC0</generatorID>
<ownerDesignName>SEMANA6</ownerDesignName>
<indexState>Foreign Key</indexState>
<isSurrogateKey>false</isSurrogateKey>
<indexColumnUsage>
<colUsage columnID="5E99BA6D-9035-406B-0C93-ABAF5AB7127E"/>
</indexColumnUsage>
</ind_PK_UK>
</indexes>
</Table>