<?xml version = '1.0' encoding = 'UTF-8'?>
<Table class="oracle.dbtools.crest.model.design.relational.Table" directorySegmentName="seg_0" id="4947D675-D175-B654-B0DD-2FD6170F6155" name="MEDICO">
<createdBy>kvhidalgo</createdBy>
<createdTime>2025-09-22 17:29:52 UTC</createdTime>
<generatorID>96F5CA62-4284-256D-81B5-372C59FB38BE</generatorID>
<ownerDesignName>SEMANA6</ownerDesignName>
<allowColumnReorder>false</allowColumnReorder>
<existDependencyGenerateInDDl>true</existDependencyGenerateInDDl>
<parsed>true</parsed>
<columns itemClass="oracle.dbtools.crest.model.design.relational.Column">
<Column name="rut_medico" id="29682275-06AD-B4C6-3CE9-F966C6674822">
<createdBy>kvhidalgo</createdBy>
<createdTime>2025-09-22 17:29:52 UTC</createdTime>
<generatorID>E6C50A79-46A5-74D0-90BC-5E49AB1BD0F6</generatorID>
<ownerDesignName>SEMANA6</ownerDesignName>
<useDomainConstraints>false</useDomainConstraints>
<use>1</use>
<logicalDatatype>LOGDT024</logicalDatatype>
<dataTypeSize>10</dataTypeSize>
<ownDataTypeParameters>10,,</ownDataTypeParameters>
<autoIncrementCycle>false</autoIncrementCycle>
</Column>
<Column name="dv" id="53AF102D-D299-818B-EEDF-BDD862E75E00">
<createdBy>kvhidalgo</createdBy>
<createdTime>2025-09-22 17:29:52 UTC</createdTime>
<generatorID>CB810C8C-413E-388E-43A9-6AB80BEC8A01</generatorID>
<ownerDesignName>SEMANA6</ownerDesignName>
<useDomainConstraints>false</useDomainConstraints>
<use>1</use>
<logicalDatatype>LOGDT025</logicalDatatype>
<dataTypeSize>1</dataTypeSize>
<ownDataTypeParameters>1,,</ownDataTypeParameters>
<autoIncrementCycle>false</autoIncrementCycle>
</Column>
<Column name="nombre" id="EC5C3264-8AB5-22FB-6A9F-3FF9023BCB68">
<createdBy>kvhidalgo</createdBy>
<createdTime>2025-09-22 17:29:52 UTC</createdTime>
<generatorID>D6F8D65F-5047-B484-24A1-4290DE235479</generatorID>
<ownerDesignName>SEMANA6</ownerDesignName>
<useDomainConstraints>false</useDomainConstraints>
<use>1</use>
<logicalDatatype>LOGDT024</logicalDatatype>
<dataTypeSize>100</dataTypeSize>
<ownDataTypeParameters>100,,</ownDataTypeParameters>
<autoIncrementCycle>false</autoIncrementCycle>
</Column>
<Column name="apellido" id="CEC4D96D-0A4D-DA13-CAB1-BE5CE2C32CAC">
<createdBy>kvhidalgo</createdBy>
<createdTime>2025-09-22 17:29:52 UTC</createdTime>
<generatorID>EE410C65-CEF8-FB51-8CD8-BCC9F496C252</generatorID>
<ownerDesignName>SEMANA6</ownerDesignName>
<useDomainConstraints>false</useDomainConstraints>
<use>1</use>
<logicalDatatype>LOGDT024</logicalDatatype>
<dataTypeSize>100</dataTypeSize>
<ownDataTypeParameters>100,,</ownDataTypeParameters>
<autoIncrementCycle>false</autoIncrementCycle>
</Column>
<Column name="telefono" id="C767F0E7-FEBF-0E86-8FBC-9CA951C7F093">
<createdBy>kvhidalgo</createdBy>
<createdTime>2025-09-22 17:29:52 UTC</createdTime>
<generatorID>372ECDDF-91D6-27EE-41B2-134EB1E04CC0</generatorID>
<ownerDesignName>SEMANA6</ownerDesignName>
<useDomainConstraints>false</useDomainConstraints>
<use>1</use>
<logicalDatatype>LOGDT024</logicalDatatype>
<dataTypeSize>15</dataTypeSize>
<ownDataTypeParameters>15,,</ownDataTypeParameters>
<autoIncrementCycle>false</autoIncrementCycle>
</Column>
<Column name="ESPECIALIDAD_id_especialidad" id="405233B7-E461-DB81-15D8-05412F7091AE">
<createdBy>kvhidalgo</createdBy>
<createdTime>2025-09-22 17:29:52 UTC</createdTime>
<generatorID>7F3921F9-F2FB-E7B2-A7E5-5DD490472141</generatorID>
<ownerDesignName>SEMANA6</ownerDesignName>
<useDomainConstraints>false</useDomainConstraints>
<use>1</use>
<logicalDatatype>LOGDT011</logicalDatatype>
<ownDataTypeParameters>,,</ownDataTypeParameters>
<previousColumn>false</previousColumn>
<autoIncrementCycle>false</autoIncrementCycle>
<associations>
<colAssociation fkAssociation="9E5CF972-5045-27CC-777D-42EC510EF87D" referredColumn="B70547C0-ADE1-46CB-4F8A-2D269CA8C463"/>
</associations>
</Column>
<Column name="CONSULTA_id_consulta" id="E8240415-2D3C-74FF-B24D-A3377895751F">
<createdBy>kvhidalgo</createdBy>
<createdTime>2025-09-22 17:29:52 UTC</createdTime>
<generatorID>69B84C69-EF13-08CF-C139-1FBE8D3BC808</generatorID>
<ownerDesignName>SEMANA6</ownerDesignName>
<useDomainConstraints>false</useDomainConstraints>
<use>1</use>
<logicalDatatype>LOGDT011</logicalDatatype>
<ownDataTypeParameters>,,</ownDataTypeParameters>
<previousColumn>false</previousColumn>
<autoIncrementCycle>false</autoIncrementCycle>
<associations>
<colAssociation fkAssociation="2697717B-9D19-DE04-00DA-647044847E42" referredColumn="DEB4A475-099C-F76B-CA14-3853137996FC"/>
</associations>
</Column>
</columns>
<indexes itemClass="oracle.dbtools.crest.model.design.relational.Index">
<ind_PK_UK id="2C564D10-6F0E-D6B1-A840-C3393D980C4B" name="MEDICO_PK">
<createdBy>kvhidalgo</createdBy>
<createdTime>2025-09-22 17:29:52 UTC</createdTime>
<generatorID>406505CE-41AB-D8E5-FF6B-C3A2AAA651DF</generatorID>
<ownerDesignName>SEMANA6</ownerDesignName>
<pk>true</pk>
<indexState>Primary Constraint</indexState>
<isSurrogateKey>false</isSurrogateKey>
<indexColumnUsage>
<colUsage columnID="29682275-06AD-B4C6-3CE9-F966C6674822"/>
<colUsage columnID="E8240415-2D3C-74FF-B24D-A3377895751F"/>
</indexColumnUsage>
</ind_PK_UK>
<ind_PK_UK id="370ABD15-E9CE-6B11-610B-274C373B9B0C" name="MEDICO_CONSULTA_FK">
<createdBy>kvhidalgo</createdBy>
<createdTime>2025-09-22 17:29:52 UTC</createdTime>
<generatorID>95BE9EA8-16AE-BC13-BF1E-706960CBB678</generatorID>
<ownerDesignName>SEMANA6</ownerDesignName>
<indexState>Foreign Key</indexState>
<isSurrogateKey>false</isSurrogateKey>
<indexColumnUsage>
<colUsage columnID="E8240415-2D3C-74FF-B24D-A3377895751F"/>
</indexColumnUsage>
</ind_PK_UK>
<ind_PK_UK id="19D21E89-CF35-6D17-3A9C-8D2CA144B96D" name="MEDICO_ESPECIALIDAD_FK">
<createdBy>kvhidalgo</createdBy>
<createdTime>2025-09-22 17:29:52 UTC</createdTime>
<generatorID>5807D5EF-0F63-F45F-0195-E22C7C82FF2D</generatorID>
<ownerDesignName>SEMANA6</ownerDesignName>
<indexState>Foreign Key</indexState>
<isSurrogateKey>false</isSurrogateKey>
<indexColumnUsage>
<colUsage columnID="405233B7-E461-DB81-15D8-05412F7091AE"/>
</indexColumnUsage>
</ind_PK_UK>
</indexes>
</Table>