<?xml version = '1.0' encoding = 'UTF-8'?>
<Table class="oracle.dbtools.crest.model.design.relational.Table" directorySegmentName="seg_0" id="55EE3407-4859-76B5-34E4-1F0FF61E0C6A" name="COMUNA">
<createdBy>kvhidalgo</createdBy>
<createdTime>2025-09-22 17:29:52 UTC</createdTime>
<generatorID>8E6A36BC-97A0-DA2E-67B5-FCD4A2FD7EFA</generatorID>
<ownerDesignName>SEMANA6</ownerDesignName>
<allowColumnReorder>false</allowColumnReorder>
<existDependencyGenerateInDDl>true</existDependencyGenerateInDDl>
<parsed>true</parsed>
<columns itemClass="oracle.dbtools.crest.model.design.relational.Column">
<Column name="id_comuna" id="02CEB9D3-6E32-7B12-9ECD-A786D1B5FED6">
<createdBy>kvhidalgo</createdBy>
<createdTime>2025-09-22 17:29:52 UTC</createdTime>
<generatorID>CF925E93-70BB-9862-8073-9D0D3F3572E1</generatorID>
<ownerDesignName>SEMANA6</ownerDesignName>
<useDomainConstraints>false</useDomainConstraints>
<use>1</use>
<logicalDatatype>LOGDT011</logicalDatatype>
<ownDataTypeParameters>,,</ownDataTypeParameters>
<autoIncrementCycle>false</autoIncrementCycle>
</Column>
<Column name="nombre_comuna" id="ACD06C15-1DF0-EF76-3B6A-85EEBA1E2ECF">
<createdBy>kvhidalgo</createdBy>
<createdTime>2025-09-22 17:29:52 UTC</createdTime>
<generatorID>8264231D-2221-7674-9F91-B6E673F0DD2D</generatorID>
<ownerDesignName>SEMANA6</ownerDesignName>
<useDomainConstraints>false</useDomainConstraints>
<use>1</use>
<logicalDatatype>LOGDT024</logicalDatatype>
<dataTypeSize>50</dataTypeSize>
<ownDataTypeParameters>50,,</ownDataTypeParameters>
<autoIncrementCycle>false</autoIncrementCycle>
</Column>
<Column name="CIUDAD_id_ciudad" id="6783727C-6C10-AF53-98F9-9A24CF2020E5">
<createdBy>kvhidalgo</createdBy>
<createdTime>2025-09-22 17:29:52 UTC</createdTime>
<generatorID>159A3437-2885-55BF-0C0C-C61063E10D84</generatorID>
<ownerDesignName>SEMANA6</ownerDesignName>
<nullsAllowed>true</nullsAllowed>
<useDomainConstraints>false</useDomainConstraints>
<use>1</use>
<logicalDatatype>LOGDT011</logicalDatatype>
<ownDataTypeParameters>,,</ownDataTypeParameters>
<previousColumn>false</previousColumn>
<autoIncrementCycle>false</autoIncrementCycle>
<associations>
<colAssociation fkAssociation="47CDDD50-EA8A-F99F-0C57-E4525FE6FA9C" referredColumn="CAFB5F7F-4C16-AF76-64E4-8CC2DD027115"/>
</associations>
</Column>
</columns>
<indexes itemClass="oracle.dbtools.crest.model.design.relational.Index">
<ind_PK_UK id="8A6D3BC1-AAE5-9179-E73C-A03720F60BFA" name="COMUNA_PK">
<createdBy>kvhidalgo</createdBy>
<createdTime>2025-09-22 17:29:52 UTC</createdTime>
<generatorID>78C2D020-9E37-4CC5-6EDA-49807284BBDB</generatorID>
<ownerDesignName>SEMANA6</ownerDesignName>
<pk>true</pk>
<indexState>Primary Constraint</indexState>
<isSurrogateKey>false</isSurrogateKey>
<indexColumnUsage>
<colUsage columnID="02CEB9D3-6E32-7B12-9ECD-A786D1B5FED6"/>
</indexColumnUsage>
</ind_PK_UK>
<ind_PK_UK id="6425BCDD-67DC-E33B-0E3A-1727911117DA" name="COMUNA_CIUDAD_FK">
<createdBy>kvhidalgo</createdBy>
<createdTime>2025-09-22 17:29:52 UTC</createdTime>
<generatorID>43F141D3-61F1-ACF7-07A5-1CE74436C048</generatorID>
<ownerDesignName>SEMANA6</ownerDesignName>
<indexState>Foreign Key</indexState>
<isSurrogateKey>false</isSurrogateKey>
<indexColumnUsage>
<colUsage columnID="6783727C-6C10-AF53-98F9-9A24CF2020E5"/>
</indexColumnUsage>
</ind_PK_UK>
</indexes>
</Table>