<?xml version = '1.0' encoding = 'UTF-8'?>
<Table class="oracle.dbtools.crest.model.design.relational.Table" directorySegmentName="seg_0" id="7BCE51E8-63EF-3788-1783-ACE7FBFB2F27" name="PACIENTE">
<createdBy>kvhidalgo</createdBy>
<createdTime>2025-09-22 17:29:52 UTC</createdTime>
<generatorID>9D661E13-26BA-4FFB-8323-9AD2FDB9000D</generatorID>
<ownerDesignName>SEMANA6</ownerDesignName>
<allowColumnReorder>false</allowColumnReorder>
<existDependencyGenerateInDDl>true</existDependencyGenerateInDDl>
<parsed>true</parsed>
<columns itemClass="oracle.dbtools.crest.model.design.relational.Column">
<Column name="rut_paciente" id="B5E04645-D017-D346-3E7E-56652F637485">
<createdBy>kvhidalgo</createdBy>
<createdTime>2025-09-22 17:29:52 UTC</createdTime>
<generatorID>E31566FA-45AD-2CD4-CFC0-59DD287D3FE9</generatorID>
<ownerDesignName>SEMANA6</ownerDesignName>
<useDomainConstraints>false</useDomainConstraints>
<use>1</use>
<logicalDatatype>LOGDT024</logicalDatatype>
<dataTypeSize>10</dataTypeSize>
<ownDataTypeParameters>10,,</ownDataTypeParameters>
<autoIncrementCycle>false</autoIncrementCycle>
</Column>
<Column name="dv" id="AE347764-A568-A420-3172-AF7CD7682562">
<createdBy>kvhidalgo</createdBy>
<createdTime>2025-09-22 17:29:52 UTC</createdTime>
<generatorID>DE714115-81E4-2BAA-0C2F-8F5377F9F486</generatorID>
<ownerDesignName>SEMANA6</ownerDesignName>
<useDomainConstraints>false</useDomainConstraints>
<use>1</use>
<logicalDatatype>LOGDT025</logicalDatatype>
<dataTypeSize>1</dataTypeSize>
<ownDataTypeParameters>1,,</ownDataTypeParameters>
<autoIncrementCycle>false</autoIncrementCycle>
</Column>
<Column name="nombre" id="A0CE5214-8EB0-FDC1-D49C-D16DE38B1FDE">
<createdBy>kvhidalgo</createdBy>
<createdTime>2025-09-22 17:29:52 UTC</createdTime>
<generatorID>8F648668-EF48-AAFB-BB9D-5F6B8DB573B7</generatorID>
<ownerDesignName>SEMANA6</ownerDesignName>
<useDomainConstraints>false</useDomainConstraints>
<use>1</use>
<logicalDatatype>LOGDT024</logicalDatatype>
<dataTypeSize>100</dataTypeSize>
<ownDataTypeParameters>100,,</ownDataTypeParameters>
<autoIncrementCycle>false</autoIncrementCycle>
</Column>
<Column name="apellido" id="D11CDA19-2DFE-B0AC-2F90-CF08C18A477F">
<createdBy>kvhidalgo</createdBy>
<createdTime>2025-09-22 17:29:52 UTC</createdTime>
<generatorID>70D041BC-1124-700E-C451-D7A72CB7C831</generatorID>
<ownerDesignName>SEMANA6</ownerDesignName>
<useDomainConstraints>false</useDomainConstraints>
<use>1</use>
<logicalDatatype>LOGDT024</logicalDatatype>
<dataTypeSize>100</dataTypeSize>
<ownDataTypeParameters>100,,</ownDataTypeParameters>
<autoIncrementCycle>false</autoIncrementCycle>
</Column>
<Column name="fecha_nacimiento" id="F19820C7-355B-9EB3-F67F-1EB3B2C40E69">
<createdBy>kvhidalgo</createdBy>
<createdTime>2025-09-22 17:29:52 UTC</createdTime>
<generatorID>45514AB5-EB40-27FA-0D8E-04F48868165D</generatorID>
<ownerDesignName>SEMANA6</ownerDesignName>
<useDomainConstraints>false</useDomainConstraints>
<use>1</use>
<logicalDatatype>LOGDT007</logicalDatatype>
<ownDataTypeParameters>,,</ownDataTypeParameters>
<autoIncrementCycle>false</autoIncrementCycle>
</Column>
<Column name="direccion" id="6B2CEFC9-BC56-7AA3-C14E-A160C569BD01">
<createdBy>kvhidalgo</createdBy>
<createdTime>2025-09-22 17:29:52 UTC</createdTime>
<generatorID>1DD6949E-73AA-CC97-9C86-318B57A79A45</generatorID>
<ownerDesignName>SEMANA6</ownerDesignName>
<useDomainConstraints>false</useDomainConstraints>
<use>1</use>
<logicalDatatype>LOGDT024</logicalDatatype>
<dataTypeSize>100</dataTypeSize>
<ownDataTypeParameters>100,,</ownDataTypeParameters>
<autoIncrementCycle>false</autoIncrementCycle>
</Column>
<Column name="COMUNA_id_comuna" id="84BC4204-CB37-6FED-EC09-B3AB04D1BAF4">
<createdBy>kvhidalgo</createdBy>
<createdTime>2025-09-22 17:29:52 UTC</createdTime>
<generatorID>1C348A4E-1BD9-1D7C-868D-9CDB880D897C</generatorID>
<ownerDesignName>SEMANA6</ownerDesignName>
<nullsAllowed>true</nullsAllowed>
<useDomainConstraints>false</useDomainConstraints>
<use>1</use>
<logicalDatatype>LOGDT011</logicalDatatype>
<ownDataTypeParameters>,,</ownDataTypeParameters>
<previousColumn>false</previousColumn>
<autoIncrementCycle>false</autoIncrementCycle>
<associations>
<colAssociation fkAssociation="933898B9-39AA-2186-BC15-7AA982B43DE7" referredColumn="02CEB9D3-6E32-7B12-9ECD-A786D1B5FED6"/>
</associations>
</Column>
</columns>
<indexes itemClass="oracle.dbtools.crest.model.design.relational.Index">
<ind_PK_UK id="79845799-22B0-69A8-F898-A6B7F2B56C01" name="PACIENTE_PK">
<createdBy>kvhidalgo</createdBy>
<createdTime>2025-09-22 17:29:52 UTC</createdTime>
<generatorID>12EE4860-98EB-992E-6336-C8CC00A63E30</generatorID>
<ownerDesignName>SEMANA6</ownerDesignName>
<pk>true</pk>
<indexState>Primary Constraint</indexState>
<isSurrogateKey>false</isSurrogateKey>
<indexColumnUsage>
<colUsage columnID="B5E04645-D017-D346-3E7E-56652F637485"/>
</indexColumnUsage>
</ind_PK_UK>
<ind_PK_UK id="1D2526AE-15F3-9BB7-9F15-D80D5EC133D0" name="PACIENTE_COMUNA_FK">
<createdBy>kvhidalgo</createdBy>
<createdTime>2025-09-22 17:29:52 UTC</createdTime>
<generatorID>360151D4-8811-0A84-4069-AA87AF812D09</generatorID>
<ownerDesignName>SEMANA6</ownerDesignName>
<indexState>Foreign Key</indexState>
<isSurrogateKey>false</isSurrogateKey>
<indexColumnUsage>
<colUsage columnID="84BC4204-CB37-6FED-EC09-B3AB04D1BAF4"/>
</indexColumnUsage>
</ind_PK_UK>
</indexes>
</Table>