<?xml version = '1.0' encoding = 'UTF-8'?>
<Table class="oracle.dbtools.crest.model.design.relational.Table" directorySegmentName="seg_0" id="8C4A101C-01AE-5671-DB50-865A55658D39" name="PAGO">
<createdBy>kvhidalgo</createdBy>
<createdTime>2025-09-22 17:29:52 UTC</createdTime>
<generatorID>E81060A2-DA1A-3455-DE1C-D560AF36A11C</generatorID>
<ownerDesignName>SEMANA6</ownerDesignName>
<allowColumnReorder>false</allowColumnReorder>
<existDependencyGenerateInDDl>true</existDependencyGenerateInDDl>
<parsed>true</parsed>
<columns itemClass="oracle.dbtools.crest.model.design.relational.Column">
<Column name="id_pago" id="110D4844-0201-1163-B6C0-97EEE6EF0008">
<createdBy>kvhidalgo</createdBy>
<createdTime>2025-09-22 17:29:52 UTC</createdTime>
<generatorID>C23E3679-4EFB-9F06-CD72-2A0D8A0FCF31</generatorID>
<ownerDesignName>SEMANA6</ownerDesignName>
<useDomainConstraints>false</useDomainConstraints>
<use>1</use>
<logicalDatatype>LOGDT011</logicalDatatype>
<ownDataTypeParameters>,,</ownDataTypeParameters>
<autoIncrementCycle>false</autoIncrementCycle>
</Column>
<Column name="fecha_pago" id="CECE37E7-F40A-9C34-5F93-EADA09B32D0D">
<createdBy>kvhidalgo</createdBy>
<createdTime>2025-09-22 17:29:52 UTC</createdTime>
<generatorID>F9E514A2-3053-2BEA-83F8-A3396B60BEEB</generatorID>
<ownerDesignName>SEMANA6</ownerDesignName>
<useDomainConstraints>false</useDomainConstraints>
<use>1</use>
<logicalDatatype>LOGDT007</logicalDatatype>
<ownDataTypeParameters>,,</ownDataTypeParameters>
<autoIncrementCycle>false</autoIncrementCycle>
</Column>
<Column name="monto" id="8AE1FDE2-DEF9-8191-5864-511BF611D310">
<createdBy>kvhidalgo</createdBy>
<createdTime>2025-09-22 17:29:52 UTC</createdTime>
<generatorID>CA09A3FA-1DF5-9E94-0466-C74096B9A483</generatorID>
<ownerDesignName>SEMANA6</ownerDesignName>
<useDomainConstraints>false</useDomainConstraints>
<use>1</use>
<logicalDatatype>LOGDT026</logicalDatatype>
<dataTypePrecision>12</dataTypePrecision>
<dataTypeScale>2</dataTypeScale>
<ownDataTypeParameters>,12,2</ownDataTypeParameters>
<autoIncrementCycle>false</autoIncrementCycle>
</Column>
<Column name="metodo_pago" id="9EB497E4-618E-37A2-0E20-5B5155FF7741">
<createdBy>kvhidalgo</createdBy>
<createdTime>2025-09-22 17:29:52 UTC</createdTime>
<generatorID>776B4166-6595-7DB3-AD61-E7CDE9C83BB5</generatorID>
<ownerDesignName>SEMANA6</ownerDesignName>
<useDomainConstraints>false</useDomainConstraints>
<use>1</use>
<logicalDatatype>LOGDT024</logicalDatatype>
<dataTypeSize>20</dataTypeSize>
<ownDataTypeParameters>20,,</ownDataTypeParameters>
<autoIncrementCycle>false</autoIncrementCycle>
</Column>
<Column name="BANCO_id_banco" id="B3DF2CC6-B059-6146-19CA-415810789841">
<createdBy>kvhidalgo</createdBy>
<createdTime>2025-09-22 17:29:52 UTC</createdTime>
<generatorID>16F996A4-C513-ABC3-90D4-4531B1594F10</generatorID>
<ownerDesignName>SEMANA6</ownerDesignName>
<nullsAllowed>true</nullsAllowed>
<useDomainConstraints>false</useDomainConstraints>
<use>1</use>
<logicalDatatype>LOGDT011</logicalDatatype>
<ownDataTypeParameters>,,</ownDataTypeParameters>
<previousColumn>false</previousColumn>
<autoIncrementCycle>false</autoIncrementCycle>
<associations>
<colAssociation fkAssociation="B2AFB12B-F89A-33F5-0F2C-17124F36666B" referredColumn="A3E03B8F-E2FB-226E-825C-F62F31FBC93F"/>
</associations>
</Column>
<Column name="PACIENTE_rut_paciente" id="38E5B95F-886D-4164-E30B-CFCDB3C25A88">
<createdBy>kvhidalgo</createdBy>
<createdTime>2025-09-22 17:29:52 UTC</createdTime>
<generatorID>513A9664-0606-FCA4-7D98-F70D73BCF95A</generatorID>
<ownerDesignName>SEMANA6</ownerDesignName>
<useDomainConstraints>false</useDomainConstraints>
<use>1</use>
<logicalDatatype>LOGDT024</logicalDatatype>
<dataTypeSize>10</dataTypeSize>
<ownDataTypeParameters>,,</ownDataTypeParameters>
<previousColumn>false</previousColumn>
<autoIncrementCycle>false</autoIncrementCycle>
<associations>
<colAssociation fkAssociation="3A5E22AD-7849-A13E-CCF2-A1D74664B0BD" referredColumn="B5E04645-D017-D346-3E7E-56652F637485"/>
</associations>
</Column>
</columns>
<indexes itemClass="oracle.dbtools.crest.model.design.relational.Index">
<ind_PK_UK id="A3CB8860-1D31-E11E-C28A-0DDA7E227FCB" name="PAGO_PK">
<createdBy>kvhidalgo</createdBy>
<createdTime>2025-09-22 17:29:52 UTC</createdTime>
<generatorID>844B240C-912C-1AE1-F629-F69F05349B00</generatorID>
<ownerDesignName>SEMANA6</ownerDesignName>
<pk>true</pk>
<indexState>Primary Constraint</indexState>
<isSurrogateKey>false</isSurrogateKey>
<indexColumnUsage>
<colUsage columnID="110D4844-0201-1163-B6C0-97EEE6EF0008"/>
<colUsage columnID="38E5B95F-886D-4164-E30B-CFCDB3C25A88"/>
</indexColumnUsage>
</ind_PK_UK>
<ind_PK_UK id="45953B2B-52A8-8A83-CC34-4496E94DB408" name="PAGO_BANCO_FK">
<createdBy>kvhidalgo</createdBy>
<createdTime>2025-09-22 17:29:52 UTC</createdTime>
<generatorID>F35D679E-1245-A1EF-9E6A-52942F2B6100</generatorID>
<ownerDesignName>SEMANA6</ownerDesignName>
<indexState>Foreign Key</indexState>
<isSurrogateKey>false</isSurrogateKey>
<indexColumnUsage>
<colUsage columnID="B3DF2CC6-B059-6146-19CA-415810789841"/>
</indexColumnUsage>
</ind_PK_UK>
<ind_PK_UK id="5F3D073A-4FBA-60E1-1260-2F82F65C4463" name="PAGO_PACIENTE_FK">
<createdBy>kvhidalgo</createdBy>
<createdTime>2025-09-22 17:29:52 UTC</createdTime>
<generatorID>DB611ABD-20C7-D948-9BCA-505BB5BDD9FD</generatorID>
<ownerDesignName>SEMANA6</ownerDesignName>
<indexState>Foreign Key</indexState>
<isSurrogateKey>false</isSurrogateKey>
<indexColumnUsage>
<colUsage columnID="38E5B95F-886D-4164-E30B-CFCDB3C25A88"/>
</indexColumnUsage>
</ind_PK_UK>
</indexes>
</Table>