<?xml version = '1.0' encoding = 'UTF-8'?>
<Table class="oracle.dbtools.crest.model.design.relational.Table" directorySegmentName="seg_0" id="E698EB86-83CD-514B-B3E6-86F9D3278FDB" name="DOSIS">
<createdBy>kvhidalgo</createdBy>
<createdTime>2025-09-22 17:29:52 UTC</createdTime>
<generatorID>D2C23784-C250-9CE0-64D0-0A99BE3F4556</generatorID>
<ownerDesignName>SEMANA6</ownerDesignName>
<allowColumnReorder>false</allowColumnReorder>
<existDependencyGenerateInDDl>true</existDependencyGenerateInDDl>
<parsed>true</parsed>
<columns itemClass="oracle.dbtools.crest.model.design.relational.Column">
<Column name="dosis_recomendada" id="7C49265C-F7F4-DD7D-4C64-E1DC73FEFAEF">
<createdBy>kvhidalgo</createdBy>
<createdTime>2025-09-22 17:29:52 UTC</createdTime>
<generatorID>E8EF8DA5-2920-BA62-83ED-EE011209FECD</generatorID>
<ownerDesignName>SEMANA6</ownerDesignName>
<useDomainConstraints>false</useDomainConstraints>
<use>1</use>
<logicalDatatype>LOGDT024</logicalDatatype>
<dataTypeSize>100</dataTypeSize>
<ownDataTypeParameters>100,,</ownDataTypeParameters>
<autoIncrementCycle>false</autoIncrementCycle>
</Column>
<Column name="MEDICAMENTO_id_medicamento" id="D7202F58-4964-E427-192D-4134CB902A32">
<createdBy>kvhidalgo</createdBy>
<createdTime>2025-09-22 17:29:52 UTC</createdTime>
<generatorID>BC3348CC-006D-5CD7-D1DA-907354E5486B</generatorID>
<ownerDesignName>SEMANA6</ownerDesignName>
<useDomainConstraints>false</useDomainConstraints>
<use>1</use>
<logicalDatatype>LOGDT011</logicalDatatype>
<ownDataTypeParameters>,,</ownDataTypeParameters>
<previousColumn>false</previousColumn>
<autoIncrementCycle>false</autoIncrementCycle>
<associations>
<colAssociation fkAssociation="5A172DC8-A011-33C3-8BA8-A7D749F5226A" referredColumn="C654B162-E01D-0E6D-EB7A-C2A9A4912C0D"/>
</associations>
</Column>
<Column name="MEDICAMENTO_RECETA_id_receta" id="BCF95B52-EDFF-1DF3-20F7-82DA1924EA7E">
<createdBy>kvhidalgo</createdBy>
<createdTime>2025-09-22 17:29:52 UTC</createdTime>
<generatorID>1C552EF5-5082-C512-F282-6FAA9122272A</generatorID>
<ownerDesignName>SEMANA6</ownerDesignName>
<useDomainConstraints>false</useDomainConstraints>
<use>1</use>
<logicalDatatype>LOGDT011</logicalDatatype>
<ownDataTypeParameters>,,</ownDataTypeParameters>
<previousColumn>false</previousColumn>
<autoIncrementCycle>false</autoIncrementCycle>
<associations>
<colAssociation fkAssociation="5A172DC8-A011-33C3-8BA8-A7D749F5226A" referredColumn="5906C296-B400-60B1-3526-8674FBC98FB5"/>
</associations>
</Column>
</columns>
<indexes itemClass="oracle.dbtools.crest.model.design.relational.Index">
<ind_PK_UK id="019E932E-F3B6-BDBE-A7B1-5506FB26BED9" name="DOSIS_PK">
<createdBy>kvhidalgo</createdBy>
<createdTime>2025-09-22 17:29:52 UTC</createdTime>
<generatorID>52AEED94-60F1-09D5-ECB8-25B320AD8658</generatorID>
<ownerDesignName>SEMANA6</ownerDesignName>
<pk>true</pk>
<indexState>Primary Constraint</indexState>
<isSurrogateKey>false</isSurrogateKey>
<indexColumnUsage>
<colUsage columnID="7C49265C-F7F4-DD7D-4C64-E1DC73FEFAEF"/>
</indexColumnUsage>
</ind_PK_UK>
<ind_PK_UK id="55A1A4A7-9E29-3E8D-449F-315BB6364D09" name="DOSIS__IDX">
<createdBy>kvhidalgo</createdBy>
<createdTime>2025-09-22 17:29:52 UTC</createdTime>
<ownerDesignName>SEMANA6</ownerDesignName>
<indexState>Unique Plain Index</indexState>
<isSurrogateKey>false</isSurrogateKey>
<relationGeneratorID>91AAF789-B407-78D6-E73E-F3CC1CCB71CC</relationGeneratorID>
<indexColumnUsage>
<colUsage columnID="D7202F58-4964-E427-192D-4134CB902A32"/>
<colUsage columnID="BCF95B52-EDFF-1DF3-20F7-82DA1924EA7E"/>
</indexColumnUsage>
</ind_PK_UK>
<ind_PK_UK id="ABF5681D-4614-E7C1-FBC1-8F69512B7653" name="DOSIS_MEDICAMENTO_FK">
<createdBy>kvhidalgo</createdBy>
<createdTime>2025-09-22 17:29:52 UTC</createdTime>
<generatorID>91AAF789-B407-78D6-E73E-F3CC1CCB71CC</generatorID>
<ownerDesignName>SEMANA6</ownerDesignName>
<indexState>Foreign Key</indexState>
<isSurrogateKey>false</isSurrogateKey>
<indexColumnUsage>
<colUsage columnID="D7202F58-4964-E427-192D-4134CB902A32"/>
<colUsage columnID="BCF95B52-EDFF-1DF3-20F7-82DA1924EA7E"/>
</indexColumnUsage>
</ind_PK_UK>
</indexes>
</Table>