<?xml version = '1.0' encoding = 'UTF-8'?>
<Table class="oracle.dbtools.crest.model.design.relational.Table" directorySegmentName="seg_0" id="E7F90480-C46E-FFE0-F27B-684670D39607" name="DIAGNOSTICO">
<createdBy>kvhidalgo</createdBy>
<createdTime>2025-09-22 17:29:52 UTC</createdTime>
<generatorID>28154889-87BF-4F65-A277-EB4A46CE872A</generatorID>
<ownerDesignName>SEMANA6</ownerDesignName>
<allowColumnReorder>false</allowColumnReorder>
<existDependencyGenerateInDDl>true</existDependencyGenerateInDDl>
<parsed>true</parsed>
<columns itemClass="oracle.dbtools.crest.model.design.relational.Column">
<Column name="id_diagnostico" id="EFE643F3-C5C7-2254-48AF-B143F2E48F67">
<createdBy>kvhidalgo</createdBy>
<createdTime>2025-09-22 17:29:52 UTC</createdTime>
<generatorID>BF45E45E-8474-F8CA-E86C-F00CA28233C9</generatorID>
<ownerDesignName>SEMANA6</ownerDesignName>
<useDomainConstraints>false</useDomainConstraints>
<use>1</use>
<logicalDatatype>LOGDT011</logicalDatatype>
<ownDataTypeParameters>,,</ownDataTypeParameters>
<autoIncrementCycle>false</autoIncrementCycle>
</Column>
<Column name="descripcion" id="E5E64385-2EF2-C978-A433-AB3F3919025A">
<createdBy>kvhidalgo</createdBy>
<createdTime>2025-09-22 17:29:52 UTC</createdTime>
<generatorID>C9D92802-04A4-C29B-7B9A-4F276FC8EE65</generatorID>
<ownerDesignName>SEMANA6</ownerDesignName>
<useDomainConstraints>false</useDomainConstraints>
<use>1</use>
<logicalDatatype>LOGDT024</logicalDatatype>
<dataTypeSize>300</dataTypeSize>
<ownDataTypeParameters>300,,</ownDataTypeParameters>
<autoIncrementCycle>false</autoIncrementCycle>
</Column>
</columns>
<indexes itemClass="oracle.dbtools.crest.model.design.relational.Index">
<ind_PK_UK id="B0D9EBB0-C0A1-9DD7-41BB-721A08DCD9A1" name="DIAGNOSTICO_PK">
<createdBy>kvhidalgo</createdBy>
<createdTime>2025-09-22 17:29:52 UTC</createdTime>
<generatorID>B298D596-DD31-5B32-7057-62A9D6014CD7</generatorID>
<ownerDesignName>SEMANA6</ownerDesignName>
<pk>true</pk>
<indexState>Primary Constraint</indexState>
<isSurrogateKey>false</isSurrogateKey>
<indexColumnUsage>
<colUsage columnID="EFE643F3-C5C7-2254-48AF-B143F2E48F67"/>
</indexColumnUsage>
</ind_PK_UK>
</indexes>
</Table>