<?xml version = '1.0' encoding = 'UTF-8'?>
<FKIndexAssociation class="oracle.dbtools.crest.model.design.relational.FKIndexAssociation" directorySegmentName="seg_0" id="15B4BD68-F184-2D1F-2200-F360B55C2E54" containerWithKeyObject="AB1FFAD7-E8E5-FC64-9AEA-D5F2F1CAD947" localFKIndex="358AB71C-F99E-B12E-05B8-75EB4B5B0104" name="RECETA_CONSULTA_FK">
<createdBy>kvhidalgo</createdBy>
<createdTime>2025-09-22 17:29:52 UTC</createdTime>
<generatorID>279D71FD-1DBC-CE22-55B3-88DF3399A63E</generatorID>
<ownerDesignName>SEMANA6</ownerDesignName>
<referredTableLongName>CONSULTA</referredTableLongName>
<deleteRule>NO ACTION</deleteRule>
<referredTableID>3B4D0800-5E1F-8B07-AF66-7614EDE9680B</referredTableID>
<keyObject>C5191B02-3216-28C0-C01A-767D7002B87E</keyObject>
<referredKeyID>C5191B02-3216-28C0-C01A-767D7002B87E</referredKeyID>
<mandatory>true</mandatory>
<refColNames>id_consulta</refColNames>
<transferable>true</transferable>
<rely>false</rely>
<columnDependencyConstraintGenerateInDDL>true</columnDependencyConstraintGenerateInDDL>
</FKIndexAssociation>