<?xml version = '1.0' encoding = 'UTF-8'?>
<FKIndexAssociation class="oracle.dbtools.crest.model.design.relational.FKIndexAssociation" directorySegmentName="seg_0" id="2697717B-9D19-DE04-00DA-647044847E42" containerWithKeyObject="4947D675-D175-B654-B0DD-2FD6170F6155" localFKIndex="370ABD15-E9CE-6B11-610B-274C373B9B0C" name="MEDICO_CONSULTA_FK">
<createdBy>kvhidalgo</createdBy>
<createdTime>2025-09-22 17:29:52 UTC</createdTime>
<generatorID>95BE9EA8-16AE-BC13-BF1E-706960CBB678</generatorID>
<ownerDesignName>SEMANA6</ownerDesignName>
<referredTableLongName>CONSULTA</referredTableLongName>
<deleteRule>NO ACTION</deleteRule>
<referredTableID>3B4D0800-5E1F-8B07-AF66-7614EDE9680B</referredTableID>
<keyObject>C5191B02-3216-28C0-C01A-767D7002B87E</keyObject>
<referredKeyID>C5191B02-3216-28C0-C01A-767D7002B87E</referredKeyID>
<mandatory>true</mandatory>
<refColNames>id_consulta</refColNames>
<transferable>true</transferable>
<rely>false</rely>
<columnDependencyConstraintGenerateInDDL>true</columnDependencyConstraintGenerateInDDL>
</FKIndexAssociation>