<?xml version = '1.0' encoding = 'UTF-8'?>
<FKIndexAssociation class="oracle.dbtools.crest.model.design.relational.FKIndexAssociation" directorySegmentName="seg_0" id="3A5E22AD-7849-A13E-CCF2-A1D74664B0BD" containerWithKeyObject="8C4A101C-01AE-5671-DB50-865A55658D39" localFKIndex="5F3D073A-4FBA-60E1-1260-2F82F65C4463" name="PAGO_PACIENTE_FK">
<createdBy>kvhidalgo</createdBy>
<createdTime>2025-09-22 17:29:52 UTC</createdTime>
<generatorID>DB611ABD-20C7-D948-9BCA-505BB5BDD9FD</generatorID>
<ownerDesignName>SEMANA6</ownerDesignName>
<referredTableLongName>PACIENTE</referredTableLongName>
<deleteRule>NO ACTION</deleteRule>
<referredTableID>7BCE51E8-63EF-3788-1783-ACE7FBFB2F27</referredTableID>
<keyObject>79845799-22B0-69A8-F898-A6B7F2B56C01</keyObject>
<referredKeyID>79845799-22B0-69A8-F898-A6B7F2B56C01</referredKeyID>
<mandatory>true</mandatory>
<refColNames>rut_paciente</refColNames>
<transferable>true</transferable>
<rely>false</rely>
<columnDependencyConstraintGenerateInDDL>true</columnDependencyConstraintGenerateInDDL>
</FKIndexAssociation>