<?xml version = '1.0' encoding = 'UTF-8'?>
<FKIndexAssociation class="oracle.dbtools.crest.model.design.relational.FKIndexAssociation" directorySegmentName="seg_0" id="3EEB43B3-2F6B-01AB-E1E9-83D2293185B1" containerWithKeyObject="3F2521FC-38F2-C1E2-E6FD-4963C16DA735" localFKIndex="5ED0EF81-1A31-7DCD-F84D-728053B8C91E" name="Relation_13_DIAGNOSTICO_FK">
<createdBy>kvhidalgo</createdBy>
<createdTime>2025-09-22 17:29:52 UTC</createdTime>
<generatorID>9C4234A8-9320-0C20-83D3-9F7DE284FBC0</generatorID>
<ownerDesignName>SEMANA6</ownerDesignName>
<referredTableLongName>DIAGNOSTICO</referredTableLongName>
<deleteRule>NO ACTION</deleteRule>
<referredTableID>E7F90480-C46E-FFE0-F27B-684670D39607</referredTableID>
<keyObject>B0D9EBB0-C0A1-9DD7-41BB-721A08DCD9A1</keyObject>
<referredKeyID>B0D9EBB0-C0A1-9DD7-41BB-721A08DCD9A1</referredKeyID>
<mandatory>true</mandatory>
<refColNames>id_diagnostico</refColNames>
<transferable>true</transferable>
<rely>false</rely>
<columnDependencyConstraintGenerateInDDL>true</columnDependencyConstraintGenerateInDDL>
</FKIndexAssociation>