<?xml version = '1.0' encoding = 'UTF-8'?>
<FKIndexAssociation class="oracle.dbtools.crest.model.design.relational.FKIndexAssociation" directorySegmentName="seg_0" id="414F76A6-86AE-3951-FCEA-A2027468384F" containerWithKeyObject="3B4D0800-5E1F-8B07-AF66-7614EDE9680B" localFKIndex="1F0747DC-9AB9-4540-89EC-FBABD956C9FA" name="CONSULTA_PACIENTE_FK">
<createdBy>kvhidalgo</createdBy>
<createdTime>2025-09-22 17:29:52 UTC</createdTime>
<generatorID>3F74E52C-1D45-3068-558F-98ED2EF687A1</generatorID>
<ownerDesignName>SEMANA6</ownerDesignName>
<referredTableLongName>PACIENTE</referredTableLongName>
<deleteRule>NO ACTION</deleteRule>
<referredTableID>7BCE51E8-63EF-3788-1783-ACE7FBFB2F27</referredTableID>
<keyObject>79845799-22B0-69A8-F898-A6B7F2B56C01</keyObject>
<referredKeyID>79845799-22B0-69A8-F898-A6B7F2B56C01</referredKeyID>
<mandatory>true</mandatory>
<refColNames>rut_paciente</refColNames>
<transferable>true</transferable>
<rely>false</rely>
<columnDependencyConstraintGenerateInDDL>true</columnDependencyConstraintGenerateInDDL>
</FKIndexAssociation>