<?xml version = '1.0' encoding = 'UTF-8'?>
<FKIndexAssociation class="oracle.dbtools.crest.model.design.relational.FKIndexAssociation" directorySegmentName="seg_0" id="47CDDD50-EA8A-F99F-0C57-E4525FE6FA9C" containerWithKeyObject="55EE3407-4859-76B5-34E4-1F0FF61E0C6A" localFKIndex="6425BCDD-67DC-E33B-0E3A-1727911117DA" name="COMUNA_CIUDAD_FK">
<createdBy>kvhidalgo</createdBy>
<createdTime>2025-09-22 17:29:52 UTC</createdTime>
<generatorID>43F141D3-61F1-ACF7-07A5-1CE74436C048</generatorID>
<ownerDesignName>SEMANA6</ownerDesignName>
<referredTableLongName>CIUDAD</referredTableLongName>
<deleteRule>NO ACTION</deleteRule>
<referredTableID>359AA1CF-D6AA-188E-01C6-77D01DBCE25B</referredTableID>
<keyObject>28E71CB3-477F-EDE6-A1EB-45AB1386FD74</keyObject>
<referredKeyID>28E71CB3-477F-EDE6-A1EB-45AB1386FD74</referredKeyID>
<mandatory>false</mandatory>
<refColNames>id_ciudad</refColNames>
<transferable>true</transferable>
<rely>false</rely>
<columnDependencyConstraintGenerateInDDL>true</columnDependencyConstraintGenerateInDDL>
</FKIndexAssociation>