<?xml version = '1.0' encoding = 'UTF-8'?>
<FKIndexAssociation class="oracle.dbtools.crest.model.design.relational.FKIndexAssociation" directorySegmentName="seg_0" id="5A172DC8-A011-33C3-8BA8-A7D749F5226A" containerWithKeyObject="E698EB86-83CD-514B-B3E6-86F9D3278FDB" localFKIndex="ABF5681D-4614-E7C1-FBC1-8F69512B7653" name="DOSIS_MEDICAMENTO_FK">
<createdBy>kvhidalgo</createdBy>
<createdTime>2025-09-22 17:29:52 UTC</createdTime>
<generatorID>91AAF789-B407-78D6-E73E-F3CC1CCB71CC</generatorID>
<ownerDesignName>SEMANA6</ownerDesignName>
<referredTableLongName>MEDICAMENTO</referredTableLongName>
<deleteRule>NO ACTION</deleteRule>
<referredTableID>37CEBBA6-FE84-97D5-1FF4-3967E78308B5</referredTableID>
<keyObject>6CFE306C-129A-8926-2A24-304B6B2F67FB</keyObject>
<referredKeyID>6CFE306C-129A-8926-2A24-304B6B2F67FB</referredKeyID>
<mandatory>true</mandatory>
<refColNames>id_medicamento,RECETA_id_receta</refColNames>
<transferable>true</transferable>
<rely>false</rely>
<columnDependencyConstraintGenerateInDDL>true</columnDependencyConstraintGenerateInDDL>
</FKIndexAssociation>