<?xml version = '1.0' encoding = 'UTF-8'?>
<FKIndexAssociation class="oracle.dbtools.crest.model.design.relational.FKIndexAssociation" directorySegmentName="seg_0" id="7B16110D-6596-A17A-E552-67A151C0EA74" containerWithKeyObject="3B4D0800-5E1F-8B07-AF66-7614EDE9680B" localFKIndex="6AD02BFA-ABB0-5C58-412E-BE3947B5D2CB" name="CONSULTA_DIGITADOR_FK">
<createdBy>kvhidalgo</createdBy>
<createdTime>2025-09-22 17:29:52 UTC</createdTime>
<generatorID>29F0EB7A-BE97-0837-BBA9-A07E95CB2909</generatorID>
<ownerDesignName>SEMANA6</ownerDesignName>
<referredTableLongName>DIGITADOR</referredTableLongName>
<deleteRule>NO ACTION</deleteRule>
<referredTableID>ADB693C4-B776-BB78-4D5F-FAEF0E86A1A2</referredTableID>
<keyObject>DFF15219-5566-D4BD-FC64-0E1353102592</keyObject>
<referredKeyID>DFF15219-5566-D4BD-FC64-0E1353102592</referredKeyID>
<mandatory>false</mandatory>
<refColNames>rut_digitador</refColNames>
<transferable>true</transferable>
<rely>false</rely>
<columnDependencyConstraintGenerateInDDL>true</columnDependencyConstraintGenerateInDDL>
</FKIndexAssociation>