<?xml version = '1.0' encoding = 'UTF-8'?>
<FKIndexAssociation class="oracle.dbtools.crest.model.design.relational.FKIndexAssociation" directorySegmentName="seg_0" id="933898B9-39AA-2186-BC15-7AA982B43DE7" containerWithKeyObject="7BCE51E8-63EF-3788-1783-ACE7FBFB2F27" localFKIndex="1D2526AE-15F3-9BB7-9F15-D80D5EC133D0" name="PACIENTE_COMUNA_FK">
<createdBy>kvhidalgo</createdBy>
<createdTime>2025-09-22 17:29:52 UTC</createdTime>
<generatorID>360151D4-8811-0A84-4069-AA87AF812D09</generatorID>
<ownerDesignName>SEMANA6</ownerDesignName>
<referredTableLongName>COMUNA</referredTableLongName>
<deleteRule>NO ACTION</deleteRule>
<referredTableID>55EE3407-4859-76B5-34E4-1F0FF61E0C6A</referredTableID>
<keyObject>8A6D3BC1-AAE5-9179-E73C-A03720F60BFA</keyObject>
<referredKeyID>8A6D3BC1-AAE5-9179-E73C-A03720F60BFA</referredKeyID>
<mandatory>false</mandatory>
<refColNames>id_comuna</refColNames>
<transferable>true</transferable>
<rely>false</rely>
<columnDependencyConstraintGenerateInDDL>true</columnDependencyConstraintGenerateInDDL>
</FKIndexAssociation>