<?xml version = '1.0' encoding = 'UTF-8'?>
<FKIndexAssociation class="oracle.dbtools.crest.model.design.relational.FKIndexAssociation" directorySegmentName="seg_0" id="9E5CF972-5045-27CC-777D-42EC510EF87D" containerWithKeyObject="4947D675-D175-B654-B0DD-2FD6170F6155" localFKIndex="19D21E89-CF35-6D17-3A9C-8D2CA144B96D" name="MEDICO_ESPECIALIDAD_FK">
<createdBy>kvhidalgo</createdBy>
<createdTime>2025-09-22 17:29:52 UTC</createdTime>
<generatorID>5807D5EF-0F63-F45F-0195-E22C7C82FF2D</generatorID>
<ownerDesignName>SEMANA6</ownerDesignName>
<referredTableLongName>ESPECIALIDAD</referredTableLongName>
<deleteRule>NO ACTION</deleteRule>
<referredTableID>CC8954DF-201A-1E78-2B3F-F320F522C954</referredTableID>
<keyObject>49A24607-6F20-C318-BDAF-C2265BD9820F</keyObject>
<referredKeyID>49A24607-6F20-C318-BDAF-C2265BD9820F</referredKeyID>
<mandatory>true</mandatory>
<refColNames>id_especialidad</refColNames>
<transferable>true</transferable>
<rely>false</rely>
<columnDependencyConstraintGenerateInDDL>true</columnDependencyConstraintGenerateInDDL>
</FKIndexAssociation>