<?xml version = '1.0' encoding = 'UTF-8'?>
<FKIndexAssociation class="oracle.dbtools.crest.model.design.relational.FKIndexAssociation" directorySegmentName="seg_0" id="A2E9778A-18A4-0C03-E39A-7578E1F57084" containerWithKeyObject="37CEBBA6-FE84-97D5-1FF4-3967E78308B5" localFKIndex="54E459D0-D6C5-B107-18EA-3354C7BD28C2" name="MEDICAMENTO_RECETA_FK">
<createdBy>kvhidalgo</createdBy>
<createdTime>2025-09-22 17:29:52 UTC</createdTime>
<generatorID>83533C3F-F6E2-DDBF-EDDB-DFA320688057</generatorID>
<ownerDesignName>SEMANA6</ownerDesignName>
<referredTableLongName>RECETA</referredTableLongName>
<deleteRule>NO ACTION</deleteRule>
<referredTableID>AB1FFAD7-E8E5-FC64-9AEA-D5F2F1CAD947</referredTableID>
<keyObject>CA888550-12CB-1CC2-9545-48ADA5813E47</keyObject>
<referredKeyID>CA888550-12CB-1CC2-9545-48ADA5813E47</referredKeyID>
<mandatory>true</mandatory>
<refColNames>id_receta</refColNames>
<transferable>true</transferable>
<rely>false</rely>
<columnDependencyConstraintGenerateInDDL>true</columnDependencyConstraintGenerateInDDL>
</FKIndexAssociation>