<?xml version = '1.0' encoding = 'UTF-8'?>
<FKIndexAssociation class="oracle.dbtools.crest.model.design.relational.FKIndexAssociation" directorySegmentName="seg_0" id="B2AFB12B-F89A-33F5-0F2C-17124F36666B" containerWithKeyObject="8C4A101C-01AE-5671-DB50-865A55658D39" localFKIndex="45953B2B-52A8-8A83-CC34-4496E94DB408" name="PAGO_BANCO_FK">
<createdBy>kvhidalgo</createdBy>
<createdTime>2025-09-22 17:29:52 UTC</createdTime>
<generatorID>F35D679E-1245-A1EF-9E6A-52942F2B6100</generatorID>
<ownerDesignName>SEMANA6</ownerDesignName>
<referredTableLongName>BANCO</referredTableLongName>
<deleteRule>NO ACTION</deleteRule>
<referredTableID>A71AAB46-F637-A33C-1216-560357A395CD</referredTableID>
<keyObject>E97A93A1-1C74-D8D3-3B02-C2385B81CBE5</keyObject>
<referredKeyID>E97A93A1-1C74-D8D3-3B02-C2385B81CBE5</referredKeyID>
<mandatory>false</mandatory>
<refColNames>id_banco</refColNames>
<transferable>true</transferable>
<rely>false</rely>
<columnDependencyConstraintGenerateInDDL>true</columnDependencyConstraintGenerateInDDL>
</FKIndexAssociation>