<?xml version = '1.0' encoding = 'UTF-8'?>
<FKIndexAssociation class="oracle.dbtools.crest.model.design.relational.FKIndexAssociation" directorySegmentName="seg_0" id="B34B98D4-14A2-4D2F-C1DE-22624D1EB6E8" containerWithKeyObject="3F2521FC-38F2-C1E2-E6FD-4963C16DA735" localFKIndex="4C054873-D9E1-135D-728A-66E3C8831C8C" name="Relation_13_CONSULTA_FK">
<createdBy>kvhidalgo</createdBy>
<createdTime>2025-09-22 17:29:52 UTC</createdTime>
<generatorID>9C4234A8-9320-0C20-83D3-9F7DE284FBC0</generatorID>
<ownerDesignName>SEMANA6</ownerDesignName>
<referredTableLongName>CONSULTA</referredTableLongName>
<deleteRule>NO ACTION</deleteRule>
<referredTableID>3B4D0800-5E1F-8B07-AF66-7614EDE9680B</referredTableID>
<keyObject>C5191B02-3216-28C0-C01A-767D7002B87E</keyObject>
<referredKeyID>C5191B02-3216-28C0-C01A-767D7002B87E</referredKeyID>
<mandatory>true</mandatory>
<refColNames>id_consulta</refColNames>
<transferable>true</transferable>
<rely>false</rely>
<columnDependencyConstraintGenerateInDDL>true</columnDependencyConstraintGenerateInDDL>
</FKIndexAssociation>