<?xml version = '1.0' encoding = 'UTF-8'?>
<FKIndexAssociation class="oracle.dbtools.crest.model.design.relational.FKIndexAssociation" directorySegmentName="seg_0" id="BE32DCF7-B541-842C-07B9-A666C4DC24FE" containerWithKeyObject="359AA1CF-D6AA-188E-01C6-77D01DBCE25B" localFKIndex="4BEAEB44-FEA7-683B-B057-C86DE385771C" name="CIUDAD_REGION_FK">
<createdBy>kvhidalgo</createdBy>
<createdTime>2025-09-22 17:29:52 UTC</createdTime>
<generatorID>D1757DD6-60E6-7678-7982-A269AECA49BE</generatorID>
<ownerDesignName>SEMANA6</ownerDesignName>
<referredTableLongName>REGION</referredTableLongName>
<deleteRule>NO ACTION</deleteRule>
<referredTableID>789F7613-F6D9-E415-88BE-21F4AFC4EE4C</referredTableID>
<keyObject>40826DC0-9AE4-230C-54C4-7DB0165B3879</keyObject>
<referredKeyID>40826DC0-9AE4-230C-54C4-7DB0165B3879</referredKeyID>
<mandatory>true</mandatory>
<refColNames>id_region</refColNames>
<transferable>true</transferable>
<rely>false</rely>
<columnDependencyConstraintGenerateInDDL>true</columnDependencyConstraintGenerateInDDL>
</FKIndexAssociation>