<?xml version = '1.0' encoding = 'UTF-8'?>
<FKIndexAssociation class="oracle.dbtools.crest.model.design.relational.FKIndexAssociation" directorySegmentName="seg_0" id="F74C60D7-F391-F2D4-8C4E-E0109499028B" containerWithKeyObject="37CEBBA6-FE84-97D5-1FF4-3967E78308B5" localFKIndex="1C1766F7-D568-48D9-0FA2-F3B5EA3765E0" name="MEDICAMENTO_DOSIS_FK">
<createdBy>kvhidalgo</createdBy>
<createdTime>2025-09-22 17:29:52 UTC</createdTime>
<generatorID>91AAF789-B407-78D6-E73E-F3CC1CCB71CC</generatorID>
<ownerDesignName>SEMANA6</ownerDesignName>
<referredTableLongName>DOSIS</referredTableLongName>
<deleteRule>NO ACTION</deleteRule>
<referredTableID>E698EB86-83CD-514B-B3E6-86F9D3278FDB</referredTableID>
<keyObject>019E932E-F3B6-BDBE-A7B1-5506FB26BED9</keyObject>
<referredKeyID>019E932E-F3B6-BDBE-A7B1-5506FB26BED9</referredKeyID>
<mandatory>true</mandatory>
<refColNames>dosis_recomendada</refColNames>
<transferable>true</transferable>
<rely>false</rely>
<columnDependencyConstraintGenerateInDDL>true</columnDependencyConstraintGenerateInDDL>
</FKIndexAssociation>