<?xml version = '1.0' encoding = 'UTF-8'?>
<Diagram class="oracle.dbtools.crest.swingui.logical.DPVLogical" name="Logical" id="FA5586A5-CDB4-15FE-D3BF-71823019A386">
<createdBy>kvhidalgo</createdBy>
<modifiedBy>kvhidalgo</modifiedBy>
<createdTime>2025-09-22 08:52:02 UTC</createdTime>
<autoRoute>false</autoRoute>
<boxInbox>true</boxInbox>
<showLegend>false</showLegend>
<showLabels>false</showLabels>
<showRelAttributes>false</showRelAttributes>
<gridEnabled>false</gridEnabled>
<showGrid>false</showGrid>
<diagramColor>-1</diagramColor>
<display>false</display>
<notation>1</notation>
<objectViews>
<OView class="oracle.dbtools.crest.swingui.logical.TVEntity" oid="1D3BCFDC-B390-B3FC-9CE0-211DD6052A05" otype="Entity" vid="0342EAB2-F445-6F15-30BF-51EFC42ADC3A">
<hideElementsInCurrentOnly>false</hideElementsInCurrentOnly>
<bounds x="40" y="41" width="140" height="91"/>
</OView>
<OView class="oracle.dbtools.crest.swingui.logical.TVEntity" oid="28154889-87BF-4F65-A277-EB4A46CE872A" otype="Entity" vid="565C9D70-59E5-65BE-569E-0852D2F7B764">
<hideElementsInCurrentOnly>false</hideElementsInCurrentOnly>
<bounds x="852" y="381" width="170" height="110"/>
</OView>
<OView class="oracle.dbtools.crest.swingui.logical.TVEntity" oid="2D663E7E-B675-476A-D613-693FB4269431" otype="Entity" vid="9704D5F5-4F27-18FA-ECE0-CC6EB1A709E9">
<hideElementsInCurrentOnly>false</hideElementsInCurrentOnly>
<bounds x="830" y="211" width="170" height="110"/>
</OView>
<OView class="oracle.dbtools.crest.swingui.logical.TVEntity" oid="3652CA59-55FF-84F5-D08C-1A47D13A20BA" otype="Entity" vid="31CF7B82-1F76-C20A-3B97-6EC983B63A08">
<hideElementsInCurrentOnly>false</hideElementsInCurrentOnly>
<bounds x="570" y="43" width="170" height="110"/>
</OView>
<OView class="oracle.dbtools.crest.swingui.logical.TVEntity" oid="666C12F5-40F1-0B12-4D71-9311EA6C90CB" otype="Entity" vid="E520502C-5565-99E5-BE78-B6D54629930A">
<hideElementsInCurrentOnly>false</hideElementsInCurrentOnly>
<bounds x="17" y="204" width="170" height="110"/>
</OView>
<OView class="oracle.dbtools.crest.swingui.logical.TVEntity" oid="8E6A36BC-97A0-DA2E-67B5-FCD4A2FD7EFA" otype="Entity" vid="E4999CDF-33DD-F334-A592-8F5220A3E31F">
<hideElementsInCurrentOnly>false</hideElementsInCurrentOnly>
<bounds x="14" y="371" width="170" height="110"/>
</OView>
<OView class="oracle.dbtools.crest.swingui.logical.TVEntity" oid="906B3860-AA21-9AC4-B7AC-3D8D0443E567" otype="Entity" vid="B1A80A77-1986-DB4B-95AB-2BE976F0F7E6">
<hideElementsInCurrentOnly>false</hideElementsInCurrentOnly>
<bounds x="815" y="577" width="170" height="110"/>
</OView>
<OView class="oracle.dbtools.crest.swingui.logical.TVEntity" oid="96F5CA62-4284-256D-81B5-372C59FB38BE" otype="Entity" vid="16BEDC02-B362-3C16-E2A0-946A47815CA7">
<hideElementsInCurrentOnly>false</hideElementsInCurrentOnly>
<bounds x="568" y="203" width="170" height="110"/>
</OView>
<OView class="oracle.dbtools.crest.swingui.logical.TVEntity" oid="9A8F5CCB-97A4-7F6F-0EDB-58DE3360DDB7" otype="Entity" vid="27F446C1-409B-156D-189E-C6C9B5B0D2BC">
<hideElementsInCurrentOnly>false</hideElementsInCurrentOnly>
<bounds x="31" y="580" width="170" height="110"/>
</OView>
<OView class="oracle.dbtools.crest.swingui.logical.TVEntity" oid="9CEB6AAE-9723-9DE6-F36A-7B072CC7B4AA" otype="Entity" vid="F3E43CB0-C899-DE57-9117-5D29765160B8">
<hideElementsInCurrentOnly>false</hideElementsInCurrentOnly>
<bounds x="555" y="578" width="170" height="110"/>
</OView>
<OView class="oracle.dbtools.crest.swingui.logical.TVEntity" oid="9D661E13-26BA-4FFB-8323-9AD2FDB9000D" otype="Entity" vid="2D634CAD-DC52-EFF7-042F-7D05B29E4CC6">
<hideElementsInCurrentOnly>false</hideElementsInCurrentOnly>
<bounds x="271" y="352" width="204" height="132"/>
</OView>
<OView class="oracle.dbtools.crest.swingui.logical.TVEntity" oid="D2C23784-C250-9CE0-64D0-0A99BE3F4556" otype="Entity" vid="9C95E437-7341-B3CA-90CB-ABF87AA0739B">
<hideElementsInCurrentOnly>false</hideElementsInCurrentOnly>
<bounds x="1061" y="595" width="140" height="62"/>
</OView>
<OView class="oracle.dbtools.crest.swingui.logical.TVEntity" oid="E81060A2-DA1A-3455-DE1C-D560AF36A11C" otype="Entity" vid="8C445ABB-F1CA-6E5E-652B-C554A29E4328">
<hideElementsInCurrentOnly>false</hideElementsInCurrentOnly>
<bounds x="285" y="585" width="170" height="110"/>
</OView>
<OView class="oracle.dbtools.crest.swingui.logical.TVEntity" oid="F306D60F-593A-4D8B-003C-FC89DE32D8BE" otype="Entity" vid="68714824-C0AC-4419-92AF-0936CB83A49C">
<hideElementsInCurrentOnly>false</hideElementsInCurrentOnly>
<bounds x="565" y="378" width="170" height="110"/>
</OView>
</objectViews>
<connectors>
<Connector class="oracle.dbtools.crest.swingui.logical.TVRelation" oid="279D71FD-1DBC-CE22-55B3-88DF3399A63E" otype="Relation" vid_source="68714824-C0AC-4419-92AF-0936CB83A49C" vid_target="F3E43CB0-C899-DE57-9117-5D29765160B8">
<hideElementsInCurrentOnly>false</hideElementsInCurrentOnly>
<backgroundColor>-16777216</backgroundColor>
<lineWidth>1</lineWidth>
<points>
<point x="645" y="488"/>
<point x="645" y="578"/>
</points>
</Connector>
<Connector class="oracle.dbtools.crest.swingui.logical.TVRelation" oid="29F0EB7A-BE97-0837-BBA9-A07E95CB2909" otype="Relation" vid_source="9704D5F5-4F27-18FA-ECE0-CC6EB1A709E9" vid_target="68714824-C0AC-4419-92AF-0936CB83A49C">
<hideElementsInCurrentOnly>false</hideElementsInCurrentOnly>
<backgroundColor>-16777216</backgroundColor>
<lineWidth>1</lineWidth>
<points>
<point x="830" y="319"/>
<point x="735" y="379"/>
</points>
</Connector>
<Connector class="oracle.dbtools.crest.swingui.logical.TVRelation" oid="360151D4-8811-0A84-4069-AA87AF812D09" otype="Relation" vid_source="E4999CDF-33DD-F334-A592-8F5220A3E31F" vid_target="2D634CAD-DC52-EFF7-042F-7D05B29E4CC6">
<hideElementsInCurrentOnly>false</hideElementsInCurrentOnly>
<backgroundColor>-16777216</backgroundColor>
<lineWidth>1</lineWidth>
<points>
<point x="184" y="426"/>
<point x="271" y="426"/>
</points>
</Connector>
<Connector class="oracle.dbtools.crest.swingui.logical.TVRelation" oid="3F74E52C-1D45-3068-558F-98ED2EF687A1" otype="Relation" vid_source="2D634CAD-DC52-EFF7-042F-7D05B29E4CC6" vid_target="68714824-C0AC-4419-92AF-0936CB83A49C">
<hideElementsInCurrentOnly>false</hideElementsInCurrentOnly>
<backgroundColor>-16777216</backgroundColor>
<lineWidth>1</lineWidth>
<points>
<point x="475" y="431"/>
<point x="565" y="431"/>
</points>
</Connector>
<Connector class="oracle.dbtools.crest.swingui.logical.TVRelation" oid="43F141D3-61F1-ACF7-07A5-1CE74436C048" otype="Relation" vid_source="E520502C-5565-99E5-BE78-B6D54629930A" vid_target="E4999CDF-33DD-F334-A592-8F5220A3E31F">
<hideElementsInCurrentOnly>false</hideElementsInCurrentOnly>
<backgroundColor>-16777216</backgroundColor>
<lineWidth>1</lineWidth>
<points>
<point x="100" y="314"/>
<point x="100" y="371"/>
</points>
</Connector>
<Connector class="oracle.dbtools.crest.swingui.logical.TVRelation" oid="5807D5EF-0F63-F45F-0195-E22C7C82FF2D" otype="Relation" vid_source="31CF7B82-1F76-C20A-3B97-6EC983B63A08" vid_target="16BEDC02-B362-3C16-E2A0-946A47815CA7">
<hideElementsInCurrentOnly>false</hideElementsInCurrentOnly>
<backgroundColor>-16777216</backgroundColor>
<lineWidth>1</lineWidth>
<points>
<point x="654" y="153"/>
<point x="654" y="203"/>
</points>
</Connector>
<Connector class="oracle.dbtools.crest.swingui.logical.TVRelation" oid="83533C3F-F6E2-DDBF-EDDB-DFA320688057" otype="Relation" vid_source="F3E43CB0-C899-DE57-9117-5D29765160B8" vid_target="B1A80A77-1986-DB4B-95AB-2BE976F0F7E6">
<hideElementsInCurrentOnly>false</hideElementsInCurrentOnly>
<backgroundColor>-16777216</backgroundColor>
<lineWidth>1</lineWidth>
<points>
<point x="725" y="632"/>
<point x="815" y="632"/>
</points>
</Connector>
<Connector class="oracle.dbtools.crest.swingui.logical.TVRelation" oid="91AAF789-B407-78D6-E73E-F3CC1CCB71CC" otype="Relation" vid_source="B1A80A77-1986-DB4B-95AB-2BE976F0F7E6" vid_target="9C95E437-7341-B3CA-90CB-ABF87AA0739B">
<hideElementsInCurrentOnly>false</hideElementsInCurrentOnly>
<backgroundColor>-16777216</backgroundColor>
<lineWidth>1</lineWidth>
<points>
<point x="985" y="626"/>
<point x="1061" y="626"/>
</points>
</Connector>
<Connector class="oracle.dbtools.crest.swingui.logical.TVRelation" oid="95BE9EA8-16AE-BC13-BF1E-706960CBB678" otype="Relation" vid_source="68714824-C0AC-4419-92AF-0936CB83A49C" vid_target="16BEDC02-B362-3C16-E2A0-946A47815CA7">
<hideElementsInCurrentOnly>false</hideElementsInCurrentOnly>
<backgroundColor>-16777216</backgroundColor>
<lineWidth>1</lineWidth>
<points>
<point x="651" y="378"/>
<point x="651" y="313"/>
</points>
</Connector>
<Connector class="oracle.dbtools.crest.swingui.logical.TVRelation" oid="9C4234A8-9320-0C20-83D3-9F7DE284FBC0" otype="Relation" vid_source="68714824-C0AC-4419-92AF-0936CB83A49C" vid_target="565C9D70-59E5-65BE-569E-0852D2F7B764">
<hideElementsInCurrentOnly>false</hideElementsInCurrentOnly>
<backgroundColor>-16777216</backgroundColor>
<lineWidth>1</lineWidth>
<points>
<point x="735" y="434"/>
<point x="852" y="434"/>
</points>
</Connector>
<Connector class="oracle.dbtools.crest.swingui.logical.TVRelation" oid="D1757DD6-60E6-7678-7982-A269AECA49BE" otype="Relation" vid_source="0342EAB2-F445-6F15-30BF-51EFC42ADC3A" vid_target="E520502C-5565-99E5-BE78-B6D54629930A">
<hideElementsInCurrentOnly>false</hideElementsInCurrentOnly>
<backgroundColor>-16777216</backgroundColor>
<lineWidth>1</lineWidth>
<points>
<point x="110" y="132"/>
<point x="110" y="204"/>
</points>
</Connector>
<Connector class="oracle.dbtools.crest.swingui.logical.TVRelation" oid="DB611ABD-20C7-D948-9BCA-505BB5BDD9FD" otype="Relation" vid_source="2D634CAD-DC52-EFF7-042F-7D05B29E4CC6" vid_target="8C445ABB-F1CA-6E5E-652B-C554A29E4328">
<hideElementsInCurrentOnly>false</hideElementsInCurrentOnly>
<backgroundColor>-16777216</backgroundColor>
<lineWidth>1</lineWidth>
<points>
<point x="370" y="484"/>
<point x="370" y="585"/>
</points>
</Connector>
<Connector class="oracle.dbtools.crest.swingui.logical.TVRelation" oid="F35D679E-1245-A1EF-9E6A-52942F2B6100" otype="Relation" vid_source="27F446C1-409B-156D-189E-C6C9B5B0D2BC" vid_target="8C445ABB-F1CA-6E5E-652B-C554A29E4328">
<hideElementsInCurrentOnly>false</hideElementsInCurrentOnly>
<backgroundColor>-16777216</backgroundColor>
<lineWidth>1</lineWidth>
<points>
<point x="201" y="637"/>
<point x="285" y="637"/>
</points>
</Connector>
</connectors>
</Diagram>