<?xml version = '1.0' encoding = 'UTF-8'?>
<Entity class="oracle.dbtools.crest.model.design.logical.Entity" directorySegmentName="seg_0" id="2D663E7E-B675-476A-D613-693FB4269431" name="DIGITADOR">
<createdBy>kvhidalgo</createdBy>
<createdTime>2025-09-22 08:54:32 UTC</createdTime>
<ownerDesignName>SEMANA6</ownerDesignName>
<engineerTo>
<item key="A561C76B-2884-FF7C-46AD-5CD158461FB7" value="true"/>
</engineerTo>
<adequatelyNormalized>NO</adequatelyNormalized>
<expectedVolumes>0</expectedVolumes>
<fwdEngineeringStrategyName>Single Table</fwdEngineeringStrategyName>
<growthPercent>0</growthPercent>
<growthType>Year</growthType>
<maxVolumes>9999999</maxVolumes>
<minVolumes>0</minVolumes>
<normalForm>Third</normalForm>
<attributes itemClass="oracle.dbtools.crest.model.design.logical.Attribute">
<Attribute name="rut_digitador" id="B9248CD7-45FE-4B58-6BAC-BF237B52E2C0">
<createdBy>kvhidalgo</createdBy>
<createdTime>2025-09-22 15:39:50 UTC</createdTime>
<ownerDesignName>SEMANA6</ownerDesignName>
<engineerTo>
<item key="A561C76B-2884-FF7C-46AD-5CD158461FB7" value="true"/>
</engineerTo>
<useDomainConstraints>false</useDomainConstraints>
<use>1</use>
<logicalDatatype>LOGDT024</logicalDatatype>
<dataTypeSize>10</dataTypeSize>
<ownDataTypeParameters>10,,</ownDataTypeParameters>
</Attribute>
<Attribute name="dv" id="B5B9DEBD-50B3-26FE-A60B-4352ECE72C3F">
<createdBy>kvhidalgo</createdBy>
<createdTime>2025-09-22 15:39:56 UTC</createdTime>
<ownerDesignName>SEMANA6</ownerDesignName>
<engineerTo>
<item key="A561C76B-2884-FF7C-46AD-5CD158461FB7" value="true"/>
</engineerTo>
<useDomainConstraints>false</useDomainConstraints>
<use>1</use>
<logicalDatatype>LOGDT025</logicalDatatype>
<dataTypeSize>1</dataTypeSize>
<ownDataTypeParameters>1,,</ownDataTypeParameters>
</Attribute>
<Attribute name="nombre" id="18724A1E-B948-8D3A-C7D1-33F35381BA1E">
<createdBy>kvhidalgo</createdBy>
<createdTime>2025-09-22 15:40:00 UTC</createdTime>
<ownerDesignName>SEMANA6</ownerDesignName>
<engineerTo>
<item key="A561C76B-2884-FF7C-46AD-5CD158461FB7" value="true"/>
</engineerTo>
<useDomainConstraints>false</useDomainConstraints>
<use>1</use>
<logicalDatatype>LOGDT024</logicalDatatype>
<dataTypeSize>100</dataTypeSize>
<ownDataTypeParameters>100,,</ownDataTypeParameters>
</Attribute>
<Attribute name="apellido" id="FDF18E82-13CA-EFDC-684E-FBF5710BA256">
<createdBy>kvhidalgo</createdBy>
<createdTime>2025-09-22 15:40:02 UTC</createdTime>
<ownerDesignName>SEMANA6</ownerDesignName>
<engineerTo>
<item key="A561C76B-2884-FF7C-46AD-5CD158461FB7" value="true"/>
</engineerTo>
<useDomainConstraints>false</useDomainConstraints>
<use>1</use>
<logicalDatatype>LOGDT024</logicalDatatype>
<dataTypeSize>100</dataTypeSize>
<ownDataTypeParameters>100,,</ownDataTypeParameters>
</Attribute>
</attributes>
<identifiers itemClass="oracle.dbtools.crest.model.design.logical.CandidateKey">
<identifier id="10C8E277-AEB6-B960-F792-F7E15E100A72" name="DIGITADOR PK">
<createdBy>kvhidalgo</createdBy>
<createdTime>2025-09-22 15:40:25 UTC</createdTime>
<ownerDesignName>SEMANA6</ownerDesignName>
<engineerTo>
<item key="A561C76B-2884-FF7C-46AD-5CD158461FB7" value="true"/>
</engineerTo>
<pk>true</pk>
<usedAttributes>
<attributeRef>B9248CD7-45FE-4B58-6BAC-BF237B52E2C0</attributeRef>
</usedAttributes>
</identifier>
</identifiers>
</Entity>