<?xml version = '1.0' encoding = 'UTF-8'?>
<Entity class="oracle.dbtools.crest.model.design.logical.Entity" directorySegmentName="seg_0" id="666C12F5-40F1-0B12-4D71-9311EA6C90CB" name="CIUDAD">
<createdBy>kvhidalgo</createdBy>
<createdTime>2025-09-22 08:56:38 UTC</createdTime>
<ownerDesignName>SEMANA6</ownerDesignName>
<engineerTo>
<item key="A561C76B-2884-FF7C-46AD-5CD158461FB7" value="true"/>
</engineerTo>
<adequatelyNormalized>NO</adequatelyNormalized>
<expectedVolumes>0</expectedVolumes>
<fwdEngineeringStrategyName>Single Table</fwdEngineeringStrategyName>
<growthPercent>0</growthPercent>
<growthType>Year</growthType>
<maxVolumes>9999999</maxVolumes>
<minVolumes>0</minVolumes>
<normalForm>Third</normalForm>
<attributes itemClass="oracle.dbtools.crest.model.design.logical.Attribute">
<Attribute name="id_ciudad" id="EFB94427-D7B4-D1F8-F3F7-115ADC9E05B3">
<createdBy>kvhidalgo</createdBy>
<createdTime>2025-09-22 16:31:28 UTC</createdTime>
<ownerDesignName>SEMANA6</ownerDesignName>
<engineerTo>
<item key="A561C76B-2884-FF7C-46AD-5CD158461FB7" value="true"/>
</engineerTo>
<useDomainConstraints>false</useDomainConstraints>
<use>1</use>
<logicalDatatype>LOGDT011</logicalDatatype>
<ownDataTypeParameters>,,</ownDataTypeParameters>
</Attribute>
<Attribute name="nombre_ciudad" id="969C3FAF-C059-922F-AF68-DAD539983E66">
<createdBy>kvhidalgo</createdBy>
<createdTime>2025-09-22 16:32:00 UTC</createdTime>
<ownerDesignName>SEMANA6</ownerDesignName>
<engineerTo>
<item key="A561C76B-2884-FF7C-46AD-5CD158461FB7" value="true"/>
</engineerTo>
<useDomainConstraints>false</useDomainConstraints>
<use>1</use>
<logicalDatatype>LOGDT024</logicalDatatype>
<dataTypeSize>50</dataTypeSize>
<ownDataTypeParameters>50,,</ownDataTypeParameters>
</Attribute>
<Attribute name="id_region" id="010697DA-70F3-14AE-F6EA-5A8F3C9ACFCF">
<createdBy>kvhidalgo</createdBy>
<createdTime>2025-09-22 16:46:50 UTC</createdTime>
<generatorID>D1757DD6-60E6-7678-7982-A269AECA49BE</generatorID>
<ownerDesignName>SEMANA6</ownerDesignName>
<engineerTo>
<item key="A561C76B-2884-FF7C-46AD-5CD158461FB7" value="true"/>
</engineerTo>
<referedAttribute>F5383AF8-9BFC-460E-DEC6-70931CD5065A</referedAttribute>
<useDomainConstraints>false</useDomainConstraints>
<use>1</use>
<logicalDatatype>LOGDT011</logicalDatatype>
<ownDataTypeParameters>,,</ownDataTypeParameters>
</Attribute>
</attributes>
<identifiers itemClass="oracle.dbtools.crest.model.design.logical.CandidateKey">
<identifier id="5961A2AC-1C14-F548-E2BE-D6D2EA86CB2B" name="CIUDAD PK">
<createdBy>kvhidalgo</createdBy>
<createdTime>2025-09-22 16:31:59 UTC</createdTime>
<ownerDesignName>SEMANA6</ownerDesignName>
<engineerTo>
<item key="A561C76B-2884-FF7C-46AD-5CD158461FB7" value="true"/>
</engineerTo>
<pk>true</pk>
<usedAttributes>
<attributeRef>EFB94427-D7B4-D1F8-F3F7-115ADC9E05B3</attributeRef>
</usedAttributes>
</identifier>
</identifiers>
</Entity>