<?xml version = '1.0' encoding = 'UTF-8'?>
<Entity class="oracle.dbtools.crest.model.design.logical.Entity" directorySegmentName="seg_0" id="8E6A36BC-97A0-DA2E-67B5-FCD4A2FD7EFA" name="COMUNA">
<createdBy>kvhidalgo</createdBy>
<createdTime>2025-09-22 08:56:29 UTC</createdTime>
<ownerDesignName>SEMANA6</ownerDesignName>
<engineerTo>
<item key="A561C76B-2884-FF7C-46AD-5CD158461FB7" value="true"/>
</engineerTo>
<adequatelyNormalized>NO</adequatelyNormalized>
<expectedVolumes>0</expectedVolumes>
<fwdEngineeringStrategyName>Single Table</fwdEngineeringStrategyName>
<growthPercent>0</growthPercent>
<growthType>Year</growthType>
<maxVolumes>9999999</maxVolumes>
<minVolumes>0</minVolumes>
<normalForm>Third</normalForm>
<attributes itemClass="oracle.dbtools.crest.model.design.logical.Attribute">
<Attribute name="id_comuna" id="CF925E93-70BB-9862-8073-9D0D3F3572E1">
<createdBy>kvhidalgo</createdBy>
<createdTime>2025-09-22 16:28:05 UTC</createdTime>
<ownerDesignName>SEMANA6</ownerDesignName>
<engineerTo>
<item key="A561C76B-2884-FF7C-46AD-5CD158461FB7" value="true"/>
</engineerTo>
<useDomainConstraints>false</useDomainConstraints>
<use>1</use>
<logicalDatatype>LOGDT011</logicalDatatype>
<ownDataTypeParameters>,,</ownDataTypeParameters>
</Attribute>
<Attribute name="nombre_comuna" id="8264231D-2221-7674-9F91-B6E673F0DD2D">
<createdBy>kvhidalgo</createdBy>
<createdTime>2025-09-22 16:28:18 UTC</createdTime>
<ownerDesignName>SEMANA6</ownerDesignName>
<engineerTo>
<item key="A561C76B-2884-FF7C-46AD-5CD158461FB7" value="true"/>
</engineerTo>
<useDomainConstraints>false</useDomainConstraints>
<use>1</use>
<logicalDatatype>LOGDT024</logicalDatatype>
<dataTypeSize>50</dataTypeSize>
<ownDataTypeParameters>50,,</ownDataTypeParameters>
</Attribute>
<Attribute name="id_ciudad" id="159A3437-2885-55BF-0C0C-C61063E10D84">
<createdBy>kvhidalgo</createdBy>
<createdTime>2025-09-22 16:46:41 UTC</createdTime>
<generatorID>43F141D3-61F1-ACF7-07A5-1CE74436C048</generatorID>
<ownerDesignName>SEMANA6</ownerDesignName>
<engineerTo>
<item key="A561C76B-2884-FF7C-46AD-5CD158461FB7" value="true"/>
</engineerTo>
<nullsAllowed>true</nullsAllowed>
<referedAttribute>EFB94427-D7B4-D1F8-F3F7-115ADC9E05B3</referedAttribute>
<useDomainConstraints>false</useDomainConstraints>
<use>1</use>
<logicalDatatype>LOGDT011</logicalDatatype>
<ownDataTypeParameters>,,</ownDataTypeParameters>
</Attribute>
</attributes>
<identifiers itemClass="oracle.dbtools.crest.model.design.logical.CandidateKey">
<identifier id="78C2D020-9E37-4CC5-6EDA-49807284BBDB" name="COMUNA PK">
<createdBy>kvhidalgo</createdBy>
<createdTime>2025-09-22 16:28:17 UTC</createdTime>
<ownerDesignName>SEMANA6</ownerDesignName>
<engineerTo>
<item key="A561C76B-2884-FF7C-46AD-5CD158461FB7" value="true"/>
</engineerTo>
<pk>true</pk>
<usedAttributes>
<attributeRef>CF925E93-70BB-9862-8073-9D0D3F3572E1</attributeRef>
</usedAttributes>
</identifier>
</identifiers>
</Entity>