<?xml version = '1.0' encoding = 'UTF-8'?>
<Entity class="oracle.dbtools.crest.model.design.logical.Entity" directorySegmentName="seg_0" id="906B3860-AA21-9AC4-B7AC-3D8D0443E567" name="MEDICAMENTO">
<createdBy>kvhidalgo</createdBy>
<createdTime>2025-09-22 08:54:46 UTC</createdTime>
<ownerDesignName>SEMANA6</ownerDesignName>
<engineerTo>
<item key="A561C76B-2884-FF7C-46AD-5CD158461FB7" value="true"/>
</engineerTo>
<adequatelyNormalized>NO</adequatelyNormalized>
<expectedVolumes>0</expectedVolumes>
<fwdEngineeringStrategyName>Single Table</fwdEngineeringStrategyName>
<growthPercent>0</growthPercent>
<growthType>Year</growthType>
<maxVolumes>9999999</maxVolumes>
<minVolumes>0</minVolumes>
<normalForm>Third</normalForm>
<attributes itemClass="oracle.dbtools.crest.model.design.logical.Attribute">
<Attribute name="id_medicamento" id="DE7E2840-C984-CD8E-AF92-88D2F3BF2E1A">
<createdBy>kvhidalgo</createdBy>
<createdTime>2025-09-22 15:58:12 UTC</createdTime>
<ownerDesignName>SEMANA6</ownerDesignName>
<engineerTo>
<item key="A561C76B-2884-FF7C-46AD-5CD158461FB7" value="true"/>
</engineerTo>
<useDomainConstraints>false</useDomainConstraints>
<use>1</use>
<logicalDatatype>LOGDT011</logicalDatatype>
<ownDataTypeParameters>,,</ownDataTypeParameters>
</Attribute>
<Attribute name="nombre" id="30B6BD6F-18F8-D417-F455-129568F01AA4">
<createdBy>kvhidalgo</createdBy>
<createdTime>2025-09-22 15:58:16 UTC</createdTime>
<ownerDesignName>SEMANA6</ownerDesignName>
<engineerTo>
<item key="A561C76B-2884-FF7C-46AD-5CD158461FB7" value="true"/>
</engineerTo>
<useDomainConstraints>false</useDomainConstraints>
<use>1</use>
<logicalDatatype>LOGDT024</logicalDatatype>
<dataTypeSize>100</dataTypeSize>
<ownDataTypeParameters>100,,</ownDataTypeParameters>
</Attribute>
<Attribute name="tipo" id="AF01D1C6-AA87-57A8-7242-5DEE5BA9ECD0">
<createdBy>kvhidalgo</createdBy>
<createdTime>2025-09-22 15:58:19 UTC</createdTime>
<ownerDesignName>SEMANA6</ownerDesignName>
<engineerTo>
<item key="A561C76B-2884-FF7C-46AD-5CD158461FB7" value="true"/>
</engineerTo>
<nullsAllowed>true</nullsAllowed>
<useDomainConstraints>false</useDomainConstraints>
<use>1</use>
<logicalDatatype>LOGDT024</logicalDatatype>
<dataTypeSize>50</dataTypeSize>
<ownDataTypeParameters>50,,</ownDataTypeParameters>
</Attribute>
<Attribute name="stock" id="D861BBF4-F4E4-0424-D562-89966D544FB2">
<createdBy>kvhidalgo</createdBy>
<createdTime>2025-09-22 15:58:23 UTC</createdTime>
<ownerDesignName>SEMANA6</ownerDesignName>
<engineerTo>
<item key="A561C76B-2884-FF7C-46AD-5CD158461FB7" value="true"/>
</engineerTo>
<useDomainConstraints>false</useDomainConstraints>
<use>1</use>
<logicalDatatype>LOGDT011</logicalDatatype>
<ownDataTypeParameters>,,</ownDataTypeParameters>
</Attribute>
<Attribute name="precio" id="A070BF5B-9B8A-81A3-7372-C3096DF49D65">
<createdBy>kvhidalgo</createdBy>
<createdTime>2025-09-22 15:58:26 UTC</createdTime>
<ownerDesignName>SEMANA6</ownerDesignName>
<engineerTo>
<item key="A561C76B-2884-FF7C-46AD-5CD158461FB7" value="true"/>
</engineerTo>
<useDomainConstraints>false</useDomainConstraints>
<use>1</use>
<logicalDatatype>LOGDT026</logicalDatatype>
<dataTypePrecision>12</dataTypePrecision>
<dataTypeScale>2</dataTypeScale>
<ownDataTypeParameters>,12,2</ownDataTypeParameters>
</Attribute>
<Attribute name="dosis_recomendada" id="4261BCFE-880F-DAC6-14AF-9282488A0A9A">
<createdBy>kvhidalgo</createdBy>
<createdTime>2025-09-22 17:27:30 UTC</createdTime>
<generatorID>91AAF789-B407-78D6-E73E-F3CC1CCB71CC</generatorID>
<ownerDesignName>SEMANA6</ownerDesignName>
<engineerTo>
<item key="A561C76B-2884-FF7C-46AD-5CD158461FB7" value="true"/>
</engineerTo>
<referedAttribute>E8EF8DA5-2920-BA62-83ED-EE011209FECD</referedAttribute>
<useDomainConstraints>false</useDomainConstraints>
<use>1</use>
<logicalDatatype>LOGDT024</logicalDatatype>
<dataTypeSize>100</dataTypeSize>
<ownDataTypeParameters>,,</ownDataTypeParameters>
</Attribute>
<Attribute name="id_receta" id="43C7F790-50F6-F9FF-DDBC-842D22F4BF3B">
<createdBy>kvhidalgo</createdBy>
<createdTime>2025-09-22 17:27:46 UTC</createdTime>
<generatorID>83533C3F-F6E2-DDBF-EDDB-DFA320688057</generatorID>
<ownerDesignName>SEMANA6</ownerDesignName>
<engineerTo>
<item key="A561C76B-2884-FF7C-46AD-5CD158461FB7" value="true"/>
</engineerTo>
<referedAttribute>DB918200-2A4F-6D3B-C857-ABAB87D7ED49</referedAttribute>
<useDomainConstraints>false</useDomainConstraints>
<use>1</use>
<logicalDatatype>LOGDT011</logicalDatatype>
<ownDataTypeParameters>,,</ownDataTypeParameters>
</Attribute>
</attributes>
<identifiers itemClass="oracle.dbtools.crest.model.design.logical.CandidateKey">
<identifier id="D12B3A71-7EF3-B7D6-C2D5-598F09A6E32D" name="MEDICAMENTO PK">
<createdBy>kvhidalgo</createdBy>
<createdTime>2025-09-22 15:59:34 UTC</createdTime>
<ownerDesignName>SEMANA6</ownerDesignName>
<engineerTo>
<item key="A561C76B-2884-FF7C-46AD-5CD158461FB7" value="true"/>
</engineerTo>
<pk>true</pk>
<usedAttributes>
<attributeRef>DE7E2840-C984-CD8E-AF92-88D2F3BF2E1A</attributeRef>
<attributeRef>43C7F790-50F6-F9FF-DDBC-842D22F4BF3B</attributeRef>
</usedAttributes>
</identifier>
</identifiers>
</Entity>