<?xml version = '1.0' encoding = 'UTF-8'?>
<Entity class="oracle.dbtools.crest.model.design.logical.Entity" directorySegmentName="seg_0" id="96F5CA62-4284-256D-81B5-372C59FB38BE" name="MEDICO">
<createdBy>kvhidalgo</createdBy>
<createdTime>2025-09-22 08:54:25 UTC</createdTime>
<ownerDesignName>SEMANA6</ownerDesignName>
<engineerTo>
<item key="A561C76B-2884-FF7C-46AD-5CD158461FB7" value="true"/>
</engineerTo>
<adequatelyNormalized>NO</adequatelyNormalized>
<expectedVolumes>0</expectedVolumes>
<fwdEngineeringStrategyName>Single Table</fwdEngineeringStrategyName>
<growthPercent>0</growthPercent>
<growthType>Year</growthType>
<maxVolumes>9999999</maxVolumes>
<minVolumes>0</minVolumes>
<normalForm>Third</normalForm>
<attributes itemClass="oracle.dbtools.crest.model.design.logical.Attribute">
<Attribute name="rut_medico" id="E6C50A79-46A5-74D0-90BC-5E49AB1BD0F6">
<createdBy>kvhidalgo</createdBy>
<createdTime>2025-09-22 15:42:00 UTC</createdTime>
<ownerDesignName>SEMANA6</ownerDesignName>
<engineerTo>
<item key="A561C76B-2884-FF7C-46AD-5CD158461FB7" value="true"/>
</engineerTo>
<useDomainConstraints>false</useDomainConstraints>
<use>1</use>
<logicalDatatype>LOGDT024</logicalDatatype>
<dataTypeSize>10</dataTypeSize>
<ownDataTypeParameters>10,,</ownDataTypeParameters>
</Attribute>
<Attribute name="dv" id="CB810C8C-413E-388E-43A9-6AB80BEC8A01">
<createdBy>kvhidalgo</createdBy>
<createdTime>2025-09-22 15:42:04 UTC</createdTime>
<ownerDesignName>SEMANA6</ownerDesignName>
<engineerTo>
<item key="A561C76B-2884-FF7C-46AD-5CD158461FB7" value="true"/>
</engineerTo>
<useDomainConstraints>false</useDomainConstraints>
<use>1</use>
<logicalDatatype>LOGDT025</logicalDatatype>
<dataTypeSize>1</dataTypeSize>
<ownDataTypeParameters>1,,</ownDataTypeParameters>
</Attribute>
<Attribute name="nombre" id="D6F8D65F-5047-B484-24A1-4290DE235479">
<createdBy>kvhidalgo</createdBy>
<createdTime>2025-09-22 15:42:06 UTC</createdTime>
<ownerDesignName>SEMANA6</ownerDesignName>
<engineerTo>
<item key="A561C76B-2884-FF7C-46AD-5CD158461FB7" value="true"/>
</engineerTo>
<useDomainConstraints>false</useDomainConstraints>
<use>1</use>
<logicalDatatype>LOGDT024</logicalDatatype>
<dataTypeSize>100</dataTypeSize>
<ownDataTypeParameters>100,,</ownDataTypeParameters>
</Attribute>
<Attribute name="apellido" id="EE410C65-CEF8-FB51-8CD8-BCC9F496C252">
<createdBy>kvhidalgo</createdBy>
<createdTime>2025-09-22 15:42:09 UTC</createdTime>
<ownerDesignName>SEMANA6</ownerDesignName>
<engineerTo>
<item key="A561C76B-2884-FF7C-46AD-5CD158461FB7" value="true"/>
</engineerTo>
<useDomainConstraints>false</useDomainConstraints>
<use>1</use>
<logicalDatatype>LOGDT024</logicalDatatype>
<dataTypeSize>100</dataTypeSize>
<ownDataTypeParameters>100,,</ownDataTypeParameters>
</Attribute>
<Attribute name="telefono" id="372ECDDF-91D6-27EE-41B2-134EB1E04CC0">
<createdBy>kvhidalgo</createdBy>
<createdTime>2025-09-22 15:44:01 UTC</createdTime>
<ownerDesignName>SEMANA6</ownerDesignName>
<engineerTo>
<item key="A561C76B-2884-FF7C-46AD-5CD158461FB7" value="true"/>
</engineerTo>
<useDomainConstraints>false</useDomainConstraints>
<use>1</use>
<logicalDatatype>LOGDT024</logicalDatatype>
<dataTypeSize>15</dataTypeSize>
<ownDataTypeParameters>15,,</ownDataTypeParameters>
</Attribute>
<Attribute name="id_especialidad" id="7F3921F9-F2FB-E7B2-A7E5-5DD490472141">
<createdBy>kvhidalgo</createdBy>
<createdTime>2025-09-22 16:59:36 UTC</createdTime>
<generatorID>5807D5EF-0F63-F45F-0195-E22C7C82FF2D</generatorID>
<ownerDesignName>SEMANA6</ownerDesignName>
<engineerTo>
<item key="A561C76B-2884-FF7C-46AD-5CD158461FB7" value="true"/>
</engineerTo>
<referedAttribute>61F906D3-9432-D203-EE6A-B01B1BA74FBA</referedAttribute>
<useDomainConstraints>false</useDomainConstraints>
<use>1</use>
<logicalDatatype>LOGDT011</logicalDatatype>
<ownDataTypeParameters>,,</ownDataTypeParameters>
</Attribute>
<Attribute name="id_consulta" id="69B84C69-EF13-08CF-C139-1FBE8D3BC808">
<createdBy>kvhidalgo</createdBy>
<createdTime>2025-09-22 17:29:28 UTC</createdTime>
<generatorID>95BE9EA8-16AE-BC13-BF1E-706960CBB678</generatorID>
<ownerDesignName>SEMANA6</ownerDesignName>
<engineerTo>
<item key="A561C76B-2884-FF7C-46AD-5CD158461FB7" value="true"/>
</engineerTo>
<referedAttribute>D54D4234-96DB-271A-1473-549CCF7CF364</referedAttribute>
<useDomainConstraints>false</useDomainConstraints>
<use>1</use>
<logicalDatatype>LOGDT011</logicalDatatype>
<ownDataTypeParameters>,,</ownDataTypeParameters>
</Attribute>
</attributes>
<identifiers itemClass="oracle.dbtools.crest.model.design.logical.CandidateKey">
<identifier id="406505CE-41AB-D8E5-FF6B-C3A2AAA651DF" name="MEDICO PK">
<createdBy>kvhidalgo</createdBy>
<createdTime>2025-09-22 15:44:37 UTC</createdTime>
<ownerDesignName>SEMANA6</ownerDesignName>
<engineerTo>
<item key="A561C76B-2884-FF7C-46AD-5CD158461FB7" value="true"/>
</engineerTo>
<pk>true</pk>
<usedAttributes>
<attributeRef>E6C50A79-46A5-74D0-90BC-5E49AB1BD0F6</attributeRef>
<attributeRef>69B84C69-EF13-08CF-C139-1FBE8D3BC808</attributeRef>
</usedAttributes>
</identifier>
</identifiers>
</Entity>