<?xml version = '1.0' encoding = 'UTF-8'?>
<Entity class="oracle.dbtools.crest.model.design.logical.Entity" directorySegmentName="seg_0" id="D2C23784-C250-9CE0-64D0-0A99BE3F4556" name="DOSIS">
<createdBy>kvhidalgo</createdBy>
<createdTime>2025-09-22 08:54:54 UTC</createdTime>
<ownerDesignName>SEMANA6</ownerDesignName>
<engineerTo>
<item key="A561C76B-2884-FF7C-46AD-5CD158461FB7" value="true"/>
</engineerTo>
<adequatelyNormalized>NO</adequatelyNormalized>
<expectedVolumes>0</expectedVolumes>
<fwdEngineeringStrategyName>Single Table</fwdEngineeringStrategyName>
<growthPercent>0</growthPercent>
<growthType>Year</growthType>
<maxVolumes>9999999</maxVolumes>
<minVolumes>0</minVolumes>
<normalForm>Third</normalForm>
<attributes itemClass="oracle.dbtools.crest.model.design.logical.Attribute">
<Attribute name="dosis_recomendada" id="E8EF8DA5-2920-BA62-83ED-EE011209FECD">
<createdBy>kvhidalgo</createdBy>
<createdTime>2025-09-22 15:54:39 UTC</createdTime>
<ownerDesignName>SEMANA6</ownerDesignName>
<engineerTo>
<item key="A561C76B-2884-FF7C-46AD-5CD158461FB7" value="true"/>
</engineerTo>
<useDomainConstraints>false</useDomainConstraints>
<use>1</use>
<logicalDatatype>LOGDT024</logicalDatatype>
<dataTypeSize>100</dataTypeSize>
<ownDataTypeParameters>100,,</ownDataTypeParameters>
</Attribute>
<Attribute name="id_medicamento" id="BC3348CC-006D-5CD7-D1DA-907354E5486B">
<createdBy>kvhidalgo</createdBy>
<createdTime>2025-09-22 17:27:30 UTC</createdTime>
<generatorID>91AAF789-B407-78D6-E73E-F3CC1CCB71CC</generatorID>
<ownerDesignName>SEMANA6</ownerDesignName>
<engineerTo>
<item key="A561C76B-2884-FF7C-46AD-5CD158461FB7" value="true"/>
</engineerTo>
<referedAttribute>DE7E2840-C984-CD8E-AF92-88D2F3BF2E1A</referedAttribute>
<useDomainConstraints>false</useDomainConstraints>
<use>1</use>
<logicalDatatype>LOGDT011</logicalDatatype>
<ownDataTypeParameters>,,</ownDataTypeParameters>
</Attribute>
<Attribute name="id_receta" id="1C552EF5-5082-C512-F282-6FAA9122272A">
<createdBy>kvhidalgo</createdBy>
<createdTime>2025-09-22 17:27:58 UTC</createdTime>
<generatorID>91AAF789-B407-78D6-E73E-F3CC1CCB71CC</generatorID>
<ownerDesignName>SEMANA6</ownerDesignName>
<engineerTo>
<item key="A561C76B-2884-FF7C-46AD-5CD158461FB7" value="true"/>
</engineerTo>
<referedAttribute>43C7F790-50F6-F9FF-DDBC-842D22F4BF3B</referedAttribute>
<useDomainConstraints>false</useDomainConstraints>
<use>1</use>
<logicalDatatype>LOGDT011</logicalDatatype>
<ownDataTypeParameters>,,</ownDataTypeParameters>
</Attribute>
</attributes>
<identifiers itemClass="oracle.dbtools.crest.model.design.logical.CandidateKey">
<identifier id="52AEED94-60F1-09D5-ECB8-25B320AD8658" name="DOSIS PK">
<createdBy>kvhidalgo</createdBy>
<createdTime>2025-09-22 15:55:22 UTC</createdTime>
<ownerDesignName>SEMANA6</ownerDesignName>
<engineerTo>
<item key="A561C76B-2884-FF7C-46AD-5CD158461FB7" value="true"/>
</engineerTo>
<pk>true</pk>
<usedAttributes>
<attributeRef>E8EF8DA5-2920-BA62-83ED-EE011209FECD</attributeRef>
</usedAttributes>
</identifier>
</identifiers>
</Entity>