<?xml version = '1.0' encoding = 'UTF-8'?>
<Entity class="oracle.dbtools.crest.model.design.logical.Entity" directorySegmentName="seg_0" id="E81060A2-DA1A-3455-DE1C-D560AF36A11C" name="PAGO">
<createdBy>kvhidalgo</createdBy>
<createdTime>2025-09-22 08:55:21 UTC</createdTime>
<ownerDesignName>SEMANA6</ownerDesignName>
<engineerTo>
<item key="A561C76B-2884-FF7C-46AD-5CD158461FB7" value="true"/>
</engineerTo>
<adequatelyNormalized>NO</adequatelyNormalized>
<expectedVolumes>0</expectedVolumes>
<fwdEngineeringStrategyName>Single Table</fwdEngineeringStrategyName>
<growthPercent>0</growthPercent>
<growthType>Year</growthType>
<maxVolumes>9999999</maxVolumes>
<minVolumes>0</minVolumes>
<normalForm>Third</normalForm>
<attributes itemClass="oracle.dbtools.crest.model.design.logical.Attribute">
<Attribute name="id_pago" id="C23E3679-4EFB-9F06-CD72-2A0D8A0FCF31">
<createdBy>kvhidalgo</createdBy>
<createdTime>2025-09-22 15:46:46 UTC</createdTime>
<ownerDesignName>SEMANA6</ownerDesignName>
<engineerTo>
<item key="A561C76B-2884-FF7C-46AD-5CD158461FB7" value="true"/>
</engineerTo>
<useDomainConstraints>false</useDomainConstraints>
<use>1</use>
<logicalDatatype>LOGDT011</logicalDatatype>
<ownDataTypeParameters>,,</ownDataTypeParameters>
</Attribute>
<Attribute name="fecha_pago" id="F9E514A2-3053-2BEA-83F8-A3396B60BEEB">
<createdBy>kvhidalgo</createdBy>
<createdTime>2025-09-22 15:46:50 UTC</createdTime>
<ownerDesignName>SEMANA6</ownerDesignName>
<engineerTo>
<item key="A561C76B-2884-FF7C-46AD-5CD158461FB7" value="true"/>
</engineerTo>
<useDomainConstraints>false</useDomainConstraints>
<use>1</use>
<logicalDatatype>LOGDT007</logicalDatatype>
<ownDataTypeParameters>,,</ownDataTypeParameters>
</Attribute>
<Attribute name="monto" id="CA09A3FA-1DF5-9E94-0466-C74096B9A483">
<createdBy>kvhidalgo</createdBy>
<createdTime>2025-09-22 15:46:53 UTC</createdTime>
<ownerDesignName>SEMANA6</ownerDesignName>
<engineerTo>
<item key="A561C76B-2884-FF7C-46AD-5CD158461FB7" value="true"/>
</engineerTo>
<useDomainConstraints>false</useDomainConstraints>
<use>1</use>
<logicalDatatype>LOGDT026</logicalDatatype>
<dataTypePrecision>12</dataTypePrecision>
<dataTypeScale>2</dataTypeScale>
<ownDataTypeParameters>,12,2</ownDataTypeParameters>
</Attribute>
<Attribute name="metodo_pago" id="776B4166-6595-7DB3-AD61-E7CDE9C83BB5">
<createdBy>kvhidalgo</createdBy>
<createdTime>2025-09-22 15:46:59 UTC</createdTime>
<ownerDesignName>SEMANA6</ownerDesignName>
<engineerTo>
<item key="A561C76B-2884-FF7C-46AD-5CD158461FB7" value="true"/>
</engineerTo>
<useDomainConstraints>false</useDomainConstraints>
<use>1</use>
<logicalDatatype>LOGDT024</logicalDatatype>
<dataTypeSize>20</dataTypeSize>
<ownDataTypeParameters>20,,</ownDataTypeParameters>
</Attribute>
<Attribute name="id_banco" id="16F996A4-C513-ABC3-90D4-4531B1594F10">
<createdBy>kvhidalgo</createdBy>
<createdTime>2025-09-22 17:24:33 UTC</createdTime>
<generatorID>F35D679E-1245-A1EF-9E6A-52942F2B6100</generatorID>
<ownerDesignName>SEMANA6</ownerDesignName>
<engineerTo>
<item key="A561C76B-2884-FF7C-46AD-5CD158461FB7" value="true"/>
</engineerTo>
<nullsAllowed>true</nullsAllowed>
<referedAttribute>4EFEDA78-1741-143B-14E4-A9D91036AC0D</referedAttribute>
<useDomainConstraints>false</useDomainConstraints>
<use>1</use>
<logicalDatatype>LOGDT011</logicalDatatype>
<ownDataTypeParameters>,,</ownDataTypeParameters>
</Attribute>
<Attribute name="rut_paciente" id="513A9664-0606-FCA4-7D98-F70D73BCF95A">
<createdBy>kvhidalgo</createdBy>
<createdTime>2025-09-22 17:25:01 UTC</createdTime>
<generatorID>DB611ABD-20C7-D948-9BCA-505BB5BDD9FD</generatorID>
<ownerDesignName>SEMANA6</ownerDesignName>
<engineerTo>
<item key="A561C76B-2884-FF7C-46AD-5CD158461FB7" value="true"/>
</engineerTo>
<referedAttribute>E31566FA-45AD-2CD4-CFC0-59DD287D3FE9</referedAttribute>
<useDomainConstraints>false</useDomainConstraints>
<use>1</use>
<logicalDatatype>LOGDT024</logicalDatatype>
<dataTypeSize>10</dataTypeSize>
<ownDataTypeParameters>,,</ownDataTypeParameters>
</Attribute>
</attributes>
<identifiers itemClass="oracle.dbtools.crest.model.design.logical.CandidateKey">
<identifier id="844B240C-912C-1AE1-F629-F69F05349B00" name="PAGO PK">
<createdBy>kvhidalgo</createdBy>
<createdTime>2025-09-22 15:47:43 UTC</createdTime>
<ownerDesignName>SEMANA6</ownerDesignName>
<engineerTo>
<item key="A561C76B-2884-FF7C-46AD-5CD158461FB7" value="true"/>
</engineerTo>
<pk>true</pk>
<usedAttributes>
<attributeRef>C23E3679-4EFB-9F06-CD72-2A0D8A0FCF31</attributeRef>
<attributeRef>513A9664-0606-FCA4-7D98-F70D73BCF95A</attributeRef>
</usedAttributes>
</identifier>
</identifiers>
</Entity>