<?xml version = '1.0' encoding = 'UTF-8'?>
<Entity class="oracle.dbtools.crest.model.design.logical.Entity" directorySegmentName="seg_0" id="F306D60F-593A-4D8B-003C-FC89DE32D8BE" name="CONSULTA">
<createdBy>kvhidalgo</createdBy>
<createdTime>2025-09-22 16:48:41 UTC</createdTime>
<ownerDesignName>SEMANA6</ownerDesignName>
<engineerTo>
<item key="A561C76B-2884-FF7C-46AD-5CD158461FB7" value="true"/>
</engineerTo>
<adequatelyNormalized>NO</adequatelyNormalized>
<expectedVolumes>0</expectedVolumes>
<fwdEngineeringStrategyName>Single Table</fwdEngineeringStrategyName>
<growthPercent>0</growthPercent>
<growthType>Year</growthType>
<maxVolumes>9999999</maxVolumes>
<minVolumes>0</minVolumes>
<normalForm>Third</normalForm>
<attributes itemClass="oracle.dbtools.crest.model.design.logical.Attribute">
<Attribute name="id_consulta" id="D54D4234-96DB-271A-1473-549CCF7CF364">
<createdBy>kvhidalgo</createdBy>
<createdTime>2025-09-22 16:48:54 UTC</createdTime>
<ownerDesignName>SEMANA6</ownerDesignName>
<engineerTo>
<item key="A561C76B-2884-FF7C-46AD-5CD158461FB7" value="true"/>
</engineerTo>
<useDomainConstraints>false</useDomainConstraints>
<use>1</use>
<logicalDatatype>LOGDT011</logicalDatatype>
<ownDataTypeParameters>,,</ownDataTypeParameters>
</Attribute>
<Attribute name="fecha_consulta" id="395C2AA3-B1CC-F583-C3BA-99B65A2078A1">
<createdBy>kvhidalgo</createdBy>
<createdTime>2025-09-22 16:49:15 UTC</createdTime>
<ownerDesignName>SEMANA6</ownerDesignName>
<engineerTo>
<item key="A561C76B-2884-FF7C-46AD-5CD158461FB7" value="true"/>
</engineerTo>
<useDomainConstraints>false</useDomainConstraints>
<use>1</use>
<logicalDatatype>LOGDT007</logicalDatatype>
<ownDataTypeParameters>,,</ownDataTypeParameters>
</Attribute>
<Attribute name="motivo_consulta" id="9227B623-B970-CB2A-7212-5E9E37FB7F51">
<createdBy>kvhidalgo</createdBy>
<createdTime>2025-09-22 16:49:45 UTC</createdTime>
<ownerDesignName>SEMANA6</ownerDesignName>
<engineerTo>
<item key="A561C76B-2884-FF7C-46AD-5CD158461FB7" value="true"/>
</engineerTo>
<nullsAllowed>true</nullsAllowed>
<useDomainConstraints>false</useDomainConstraints>
<use>1</use>
<logicalDatatype>LOGDT024</logicalDatatype>
<dataTypeSize>200</dataTypeSize>
<ownDataTypeParameters>200,,</ownDataTypeParameters>
</Attribute>
<Attribute name="rut_paciente" id="A74D3300-522D-33E7-59DA-42B863D6A93D">
<createdBy>kvhidalgo</createdBy>
<createdTime>2025-09-22 16:50:37 UTC</createdTime>
<generatorID>3F74E52C-1D45-3068-558F-98ED2EF687A1</generatorID>
<ownerDesignName>SEMANA6</ownerDesignName>
<engineerTo>
<item key="A561C76B-2884-FF7C-46AD-5CD158461FB7" value="true"/>
</engineerTo>
<referedAttribute>E31566FA-45AD-2CD4-CFC0-59DD287D3FE9</referedAttribute>
<useDomainConstraints>false</useDomainConstraints>
<use>1</use>
<logicalDatatype>LOGDT024</logicalDatatype>
<dataTypeSize>10</dataTypeSize>
<ownDataTypeParameters>,,</ownDataTypeParameters>
</Attribute>
<Attribute name="rut_digitador" id="371FDB73-77F7-8A63-F867-7F8F7E21B99B">
<createdBy>kvhidalgo</createdBy>
<createdTime>2025-09-22 17:28:25 UTC</createdTime>
<generatorID>29F0EB7A-BE97-0837-BBA9-A07E95CB2909</generatorID>
<ownerDesignName>SEMANA6</ownerDesignName>
<engineerTo>
<item key="A561C76B-2884-FF7C-46AD-5CD158461FB7" value="true"/>
</engineerTo>
<nullsAllowed>true</nullsAllowed>
<referedAttribute>B9248CD7-45FE-4B58-6BAC-BF237B52E2C0</referedAttribute>
<useDomainConstraints>false</useDomainConstraints>
<use>1</use>
<logicalDatatype>LOGDT024</logicalDatatype>
<dataTypeSize>10</dataTypeSize>
<ownDataTypeParameters>,,</ownDataTypeParameters>
</Attribute>
</attributes>
<identifiers itemClass="oracle.dbtools.crest.model.design.logical.CandidateKey">
<identifier id="91CF5B45-86ED-EE7E-6BB6-441D0ED5AA03" name="CONSULTA PK">
<createdBy>kvhidalgo</createdBy>
<createdTime>2025-09-22 16:49:14 UTC</createdTime>
<ownerDesignName>SEMANA6</ownerDesignName>
<engineerTo>
<item key="A561C76B-2884-FF7C-46AD-5CD158461FB7" value="true"/>
</engineerTo>
<pk>true</pk>
<usedAttributes>
<attributeRef>D54D4234-96DB-271A-1473-549CCF7CF364</attributeRef>
</usedAttributes>
</identifier>
</identifiers>
</Entity>