<?xml version = '1.0' encoding = 'UTF-8'?>
<Relation class="oracle.dbtools.crest.model.design.logical.Relation" name="Relation_8" directorySegmentName="seg_0" id="279D71FD-1DBC-CE22-55B3-88DF3399A63E">
<createdBy>kvhidalgo</createdBy>
<createdTime>2025-09-22 17:25:39 UTC</createdTime>
<ownerDesignName>SEMANA6</ownerDesignName>
<engineerTo>
<item key="A561C76B-2884-FF7C-46AD-5CD158461FB7" value="true"/>
</engineerTo>
<sourcePk>91CF5B45-86ED-EE7E-6BB6-441D0ED5AA03</sourcePk>
<identifying>false</identifying>
<optionalSource>false</optionalSource>
<optionalTarget>false</optionalTarget>
<sourceCardinality>1</sourceCardinality>
<sourceEntity>F306D60F-593A-4D8B-003C-FC89DE32D8BE</sourceEntity>
<targetCardinalityString>*</targetCardinalityString>
<targetEntity>9CEB6AAE-9723-9DE6-F36A-7B072CC7B4AA</targetEntity>
<transferable>true</transferable>
<deleteRule>NO ACTION</deleteRule>
</Relation>