<?xml version = '1.0' encoding = 'UTF-8'?>
<Relation class="oracle.dbtools.crest.model.design.logical.Relation" name="Relation_11" directorySegmentName="seg_0" id="29F0EB7A-BE97-0837-BBA9-A07E95CB2909">
<createdBy>kvhidalgo</createdBy>
<createdTime>2025-09-22 17:28:25 UTC</createdTime>
<ownerDesignName>SEMANA6</ownerDesignName>
<engineerTo>
<item key="A561C76B-2884-FF7C-46AD-5CD158461FB7" value="true"/>
</engineerTo>
<sourcePk>10C8E277-AEB6-B960-F792-F7E15E100A72</sourcePk>
<identifying>false</identifying>
<optionalSource>false</optionalSource>
<optionalTarget>true</optionalTarget>
<sourceCardinality>1</sourceCardinality>
<sourceEntity>2D663E7E-B675-476A-D613-693FB4269431</sourceEntity>
<targetCardinalityString>*</targetCardinalityString>
<targetEntity>F306D60F-593A-4D8B-003C-FC89DE32D8BE</targetEntity>
<transferable>true</transferable>
<deleteRule>NO ACTION</deleteRule>
</Relation>