<?xml version = '1.0' encoding = 'UTF-8'?>
<Relation class="oracle.dbtools.crest.model.design.logical.Relation" name="Relation_1" directorySegmentName="seg_0" id="360151D4-8811-0A84-4069-AA87AF812D09">
<createdBy>kvhidalgo</createdBy>
<createdTime>2025-09-22 16:45:23 UTC</createdTime>
<ownerDesignName>SEMANA6</ownerDesignName>
<engineerTo>
<item key="A561C76B-2884-FF7C-46AD-5CD158461FB7" value="true"/>
</engineerTo>
<sourcePk>78C2D020-9E37-4CC5-6EDA-49807284BBDB</sourcePk>
<identifying>false</identifying>
<optionalSource>false</optionalSource>
<optionalTarget>true</optionalTarget>
<sourceCardinality>1</sourceCardinality>
<sourceEntity>8E6A36BC-97A0-DA2E-67B5-FCD4A2FD7EFA</sourceEntity>
<targetCardinalityString>*</targetCardinalityString>
<targetEntity>9D661E13-26BA-4FFB-8323-9AD2FDB9000D</targetEntity>
<transferable>true</transferable>
<deleteRule>NO ACTION</deleteRule>
</Relation>