<?xml version = '1.0' encoding = 'UTF-8'?>
<Relation class="oracle.dbtools.crest.model.design.logical.Relation" name="Relation_4" directorySegmentName="seg_0" id="3F74E52C-1D45-3068-558F-98ED2EF687A1">
<createdBy>kvhidalgo</createdBy>
<createdTime>2025-09-22 16:50:37 UTC</createdTime>
<ownerDesignName>SEMANA6</ownerDesignName>
<engineerTo>
<item key="A561C76B-2884-FF7C-46AD-5CD158461FB7" value="true"/>
</engineerTo>
<sourcePk>12EE4860-98EB-992E-6336-C8CC00A63E30</sourcePk>
<identifying>false</identifying>
<optionalSource>true</optionalSource>
<optionalTarget>false</optionalTarget>
<sourceCardinality>1</sourceCardinality>
<sourceEntity>9D661E13-26BA-4FFB-8323-9AD2FDB9000D</sourceEntity>
<targetCardinalityString>*</targetCardinalityString>
<targetEntity>F306D60F-593A-4D8B-003C-FC89DE32D8BE</targetEntity>
<transferable>true</transferable>
<deleteRule>NO ACTION</deleteRule>
</Relation>