<?xml version = '1.0' encoding = 'UTF-8'?>
<Relation class="oracle.dbtools.crest.model.design.logical.Relation" name="Relation_2" directorySegmentName="seg_0" id="43F141D3-61F1-ACF7-07A5-1CE74436C048">
<createdBy>kvhidalgo</createdBy>
<createdTime>2025-09-22 16:46:29 UTC</createdTime>
<ownerDesignName>SEMANA6</ownerDesignName>
<engineerTo>
<item key="A561C76B-2884-FF7C-46AD-5CD158461FB7" value="true"/>
</engineerTo>
<sourcePk>5961A2AC-1C14-F548-E2BE-D6D2EA86CB2B</sourcePk>
<identifying>false</identifying>
<optionalSource>false</optionalSource>
<optionalTarget>true</optionalTarget>
<sourceCardinality>1</sourceCardinality>
<sourceEntity>666C12F5-40F1-0B12-4D71-9311EA6C90CB</sourceEntity>
<targetCardinalityString>*</targetCardinalityString>
<targetEntity>8E6A36BC-97A0-DA2E-67B5-FCD4A2FD7EFA</targetEntity>
<transferable>true</transferable>
<deleteRule>NO ACTION</deleteRule>
</Relation>