<?xml version = '1.0' encoding = 'UTF-8'?>
<Relation class="oracle.dbtools.crest.model.design.logical.Relation" name="Relation_5" directorySegmentName="seg_0" id="5807D5EF-0F63-F45F-0195-E22C7C82FF2D">
<createdBy>kvhidalgo</createdBy>
<createdTime>2025-09-22 16:59:36 UTC</createdTime>
<ownerDesignName>SEMANA6</ownerDesignName>
<engineerTo>
<item key="A561C76B-2884-FF7C-46AD-5CD158461FB7" value="true"/>
</engineerTo>
<sourcePk>338E8041-6345-7F9D-F4BE-6E2E1A331027</sourcePk>
<identifying>false</identifying>
<optionalSource>false</optionalSource>
<optionalTarget>false</optionalTarget>
<sourceCardinality>1</sourceCardinality>
<sourceEntity>3652CA59-55FF-84F5-D08C-1A47D13A20BA</sourceEntity>
<targetCardinalityString>*</targetCardinalityString>
<targetEntity>96F5CA62-4284-256D-81B5-372C59FB38BE</targetEntity>
<transferable>true</transferable>
<deleteRule>NO ACTION</deleteRule>
</Relation>