<?xml version = '1.0' encoding = 'UTF-8'?>
<Relation class="oracle.dbtools.crest.model.design.logical.Relation" name="Relation_10" directorySegmentName="seg_0" id="83533C3F-F6E2-DDBF-EDDB-DFA320688057">
<createdBy>kvhidalgo</createdBy>
<createdTime>2025-09-22 17:27:46 UTC</createdTime>
<ownerDesignName>SEMANA6</ownerDesignName>
<engineerTo>
<item key="A561C76B-2884-FF7C-46AD-5CD158461FB7" value="true"/>
</engineerTo>
<sourcePk>DF29DB84-BAB8-1F1B-0CE4-2A6861BE7051</sourcePk>
<identifying>true</identifying>
<optionalSource>false</optionalSource>
<optionalTarget>false</optionalTarget>
<sourceCardinality>1</sourceCardinality>
<sourceEntity>9CEB6AAE-9723-9DE6-F36A-7B072CC7B4AA</sourceEntity>
<targetCardinalityString>*</targetCardinalityString>
<targetEntity>906B3860-AA21-9AC4-B7AC-3D8D0443E567</targetEntity>
<transferable>true</transferable>
<deleteRule>NO ACTION</deleteRule>
</Relation>