<?xml version = '1.0' encoding = 'UTF-8'?>
<Relation class="oracle.dbtools.crest.model.design.logical.Relation" name="Relation_9" directorySegmentName="seg_0" id="91AAF789-B407-78D6-E73E-F3CC1CCB71CC">
<createdBy>kvhidalgo</createdBy>
<createdTime>2025-09-22 17:27:15 UTC</createdTime>
<ownerDesignName>SEMANA6</ownerDesignName>
<engineerTo>
<item key="A561C76B-2884-FF7C-46AD-5CD158461FB7" value="true"/>
</engineerTo>
<sourcePk>D12B3A71-7EF3-B7D6-C2D5-598F09A6E32D</sourcePk>
<targetPk>52AEED94-60F1-09D5-ECB8-25B320AD8658</targetPk>
<identifying>false</identifying>
<optionalSource>false</optionalSource>
<optionalTarget>false</optionalTarget>
<sourceCardinality>1</sourceCardinality>
<sourceEntity>906B3860-AA21-9AC4-B7AC-3D8D0443E567</sourceEntity>
<targetCardinalityString>1</targetCardinalityString>
<targetEntity>D2C23784-C250-9CE0-64D0-0A99BE3F4556</targetEntity>
<transferable>true</transferable>
<deleteRule>NO ACTION</deleteRule>
</Relation>