<?xml version = '1.0' encoding = 'UTF-8'?>
<Relation class="oracle.dbtools.crest.model.design.logical.Relation" name="Relation_12" directorySegmentName="seg_0" id="95BE9EA8-16AE-BC13-BF1E-706960CBB678">
<createdBy>kvhidalgo</createdBy>
<createdTime>2025-09-22 17:29:28 UTC</createdTime>
<ownerDesignName>SEMANA6</ownerDesignName>
<engineerTo>
<item key="A561C76B-2884-FF7C-46AD-5CD158461FB7" value="true"/>
</engineerTo>
<sourcePk>91CF5B45-86ED-EE7E-6BB6-441D0ED5AA03</sourcePk>
<identifying>true</identifying>
<optionalSource>false</optionalSource>
<optionalTarget>false</optionalTarget>
<sourceCardinality>1</sourceCardinality>
<sourceEntity>F306D60F-593A-4D8B-003C-FC89DE32D8BE</sourceEntity>
<targetCardinalityString>*</targetCardinalityString>
<targetEntity>96F5CA62-4284-256D-81B5-372C59FB38BE</targetEntity>
<transferable>true</transferable>
<deleteRule>NO ACTION</deleteRule>
</Relation>