<?xml version = '1.0' encoding = 'UTF-8'?>
<Relation class="oracle.dbtools.crest.model.design.logical.Relation" name="Relation_13" directorySegmentName="seg_0" id="9C4234A8-9320-0C20-83D3-9F7DE284FBC0">
<createdBy>kvhidalgo</createdBy>
<createdTime>2025-09-22 17:29:36 UTC</createdTime>
<ownerDesignName>SEMANA6</ownerDesignName>
<engineerTo>
<item key="A561C76B-2884-FF7C-46AD-5CD158461FB7" value="true"/>
</engineerTo>
<identifying>false</identifying>
<optionalSource>true</optionalSource>
<optionalTarget>false</optionalTarget>
<sourceCardinality>*</sourceCardinality>
<sourceEntity>F306D60F-593A-4D8B-003C-FC89DE32D8BE</sourceEntity>
<targetCardinalityString>*</targetCardinalityString>
<targetEntity>28154889-87BF-4F65-A277-EB4A46CE872A</targetEntity>
<transferable>true</transferable>
<deleteRule>NO ACTION</deleteRule>
</Relation>