<?xml version = '1.0' encoding = 'UTF-8'?>
<Relation class="oracle.dbtools.crest.model.design.logical.Relation" name="Relation_3" directorySegmentName="seg_0" id="D1757DD6-60E6-7678-7982-A269AECA49BE">
<createdBy>kvhidalgo</createdBy>
<createdTime>2025-09-22 16:46:50 UTC</createdTime>
<ownerDesignName>SEMANA6</ownerDesignName>
<engineerTo>
<item key="A561C76B-2884-FF7C-46AD-5CD158461FB7" value="true"/>
</engineerTo>
<sourcePk>E12B46C0-49C2-3FD2-1ABD-753DBE99A8AC</sourcePk>
<identifying>false</identifying>
<optionalSource>true</optionalSource>
<optionalTarget>false</optionalTarget>
<sourceCardinality>1</sourceCardinality>
<sourceEntity>1D3BCFDC-B390-B3FC-9CE0-211DD6052A05</sourceEntity>
<targetCardinalityString>*</targetCardinalityString>
<targetEntity>666C12F5-40F1-0B12-4D71-9311EA6C90CB</targetEntity>
<transferable>true</transferable>
<deleteRule>NO ACTION</deleteRule>
</Relation>