<?xml version = '1.0' encoding = 'UTF-8'?>
<Relation class="oracle.dbtools.crest.model.design.logical.Relation" name="Relation_7" directorySegmentName="seg_0" id="DB611ABD-20C7-D948-9BCA-505BB5BDD9FD">
<createdBy>kvhidalgo</createdBy>
<createdTime>2025-09-22 17:25:01 UTC</createdTime>
<ownerDesignName>SEMANA6</ownerDesignName>
<engineerTo>
<item key="A561C76B-2884-FF7C-46AD-5CD158461FB7" value="true"/>
</engineerTo>
<sourcePk>12EE4860-98EB-992E-6336-C8CC00A63E30</sourcePk>
<identifying>true</identifying>
<optionalSource>false</optionalSource>
<optionalTarget>false</optionalTarget>
<sourceCardinality>1</sourceCardinality>
<sourceEntity>9D661E13-26BA-4FFB-8323-9AD2FDB9000D</sourceEntity>
<targetCardinalityString>*</targetCardinalityString>
<targetEntity>E81060A2-DA1A-3455-DE1C-D560AF36A11C</targetEntity>
<transferable>true</transferable>
<deleteRule>NO ACTION</deleteRule>
</Relation>