<?xml version = '1.0' encoding = 'UTF-8'?>
<Relation class="oracle.dbtools.crest.model.design.logical.Relation" name="Relation_6" directorySegmentName="seg_0" id="F35D679E-1245-A1EF-9E6A-52942F2B6100">
<createdBy>kvhidalgo</createdBy>
<createdTime>2025-09-22 17:24:33 UTC</createdTime>
<ownerDesignName>SEMANA6</ownerDesignName>
<engineerTo>
<item key="A561C76B-2884-FF7C-46AD-5CD158461FB7" value="true"/>
</engineerTo>
<sourcePk>55886DD0-79A5-557D-856F-F00F188DC8EC</sourcePk>
<identifying>false</identifying>
<optionalSource>false</optionalSource>
<optionalTarget>true</optionalTarget>
<sourceCardinality>1</sourceCardinality>
<sourceEntity>9A8F5CCB-97A4-7F6F-0EDB-58DE3360DDB7</sourceEntity>
<targetCardinalityString>*</targetCardinalityString>
<targetEntity>E81060A2-DA1A-3455-DE1C-D560AF36A11C</targetEntity>
<transferable>true</transferable>
<deleteRule>NO ACTION</deleteRule>
</Relation>