<?xml version = '1.0' encoding = 'UTF-8'?>
<Diagram class="oracle.dbtools.crest.swingui.relational.DPVRelational" name="Relational_1" id="A8520EE6-769D-5E45-C68B-D6AD93AD534C">
<createdBy>kvhidalgo</createdBy>
<modifiedBy>kvhidalgo</modifiedBy>
<createdTime>2025-09-22 08:57:45 UTC</createdTime>
<autoRoute>false</autoRoute>
<boxInbox>true</boxInbox>
<showLegend>false</showLegend>
<showLabels>false</showLabels>
<showRelAttributes>false</showRelAttributes>
<gridEnabled>false</gridEnabled>
<showGrid>false</showGrid>
<diagramColor>-1</diagramColor>
<display>false</display>
<notation>1</notation>
<objectViews>
<OView class="oracle.dbtools.crest.swingui.relational.TVTable" oid="359AA1CF-D6AA-188E-01C6-77D01DBCE25B" otype="Table" vid="28A79564-EB8D-8EE5-6874-84336FF37021">
<hideElementsInCurrentOnly>false</hideElementsInCurrentOnly>
<bounds x="17" y="147" width="240" height="117"/>
</OView>
<OView class="oracle.dbtools.crest.swingui.relational.TVTable" oid="37CEBBA6-FE84-97D5-1FF4-3967E78308B5" otype="Table" vid="BE1E02E0-5463-0B60-5E8B-3ADA430E250A">
<hideElementsInCurrentOnly>false</hideElementsInCurrentOnly>
<bounds x="902" y="473" width="323" height="207"/>
</OView>
<OView class="oracle.dbtools.crest.swingui.relational.TVTable" oid="3B4D0800-5E1F-8B07-AF66-7614EDE9680B" otype="Table" vid="72F3FCD2-161B-7356-4D1A-9C1666BF65A8">
<hideElementsInCurrentOnly>false</hideElementsInCurrentOnly>
<bounds x="677" y="249" width="318" height="166"/>
</OView>
<OView class="oracle.dbtools.crest.swingui.relational.TVTable" oid="3F2521FC-38F2-C1E2-E6FD-4963C16DA735" otype="Table" vid="04832070-9020-44B3-33B1-06795CA3D885">
<hideElementsInCurrentOnly>false</hideElementsInCurrentOnly>
<bounds x="1040" y="251" width="391" height="125"/>
</OView>
<OView class="oracle.dbtools.crest.swingui.relational.TVTable" oid="4947D675-D175-B654-B0DD-2FD6170F6155" otype="Table" vid="F7DA8DE1-F36F-CFB4-8058-1B6F2B78140F">
<hideElementsInCurrentOnly>false</hideElementsInCurrentOnly>
<bounds x="676" y="25" width="348" height="188"/>
</OView>
<OView class="oracle.dbtools.crest.swingui.relational.TVTable" oid="55EE3407-4859-76B5-34E4-1F0FF61E0C6A" otype="Table" vid="8052CAD2-E6F3-8A09-11BB-B3606A4F49FE">
<hideElementsInCurrentOnly>false</hideElementsInCurrentOnly>
<bounds x="16" y="315" width="263" height="111"/>
</OView>
<OView class="oracle.dbtools.crest.swingui.relational.TVTable" oid="789F7613-F6D9-E415-88BE-21F4AFC4EE4C" otype="Table" vid="1B151D32-AA47-72D2-D0DE-A128FA7293F5">
<hideElementsInCurrentOnly>false</hideElementsInCurrentOnly>
<bounds x="40" y="41" width="206" height="77"/>
</OView>
<OView class="oracle.dbtools.crest.swingui.relational.TVTable" oid="7BCE51E8-63EF-3788-1783-ACE7FBFB2F27" otype="Table" vid="6DA4C243-65CF-4315-4F0A-8DF16E813C32">
<hideElementsInCurrentOnly>false</hideElementsInCurrentOnly>
<bounds x="335" y="253" width="279" height="173"/>
</OView>
<OView class="oracle.dbtools.crest.swingui.relational.TVTable" oid="8C4A101C-01AE-5671-DB50-865A55658D39" otype="Table" vid="D4407BFF-4427-528C-324C-C3AB0DDF648D">
<hideElementsInCurrentOnly>false</hideElementsInCurrentOnly>
<bounds x="269" y="477" width="286" height="171"/>
</OView>
<OView class="oracle.dbtools.crest.swingui.relational.TVTable" oid="A71AAB46-F637-A33C-1216-560357A395CD" otype="Table" vid="24324DED-B39F-A4CA-CE7A-19F4B6EF658D">
<hideElementsInCurrentOnly>false</hideElementsInCurrentOnly>
<bounds x="22" y="474" width="215" height="78"/>
</OView>
<OView class="oracle.dbtools.crest.swingui.relational.TVTable" oid="AB1FFAD7-E8E5-FC64-9AEA-D5F2F1CAD947" otype="Table" vid="D7BE2124-90B9-EC78-DF76-8EA750EC83BC">
<hideElementsInCurrentOnly>false</hideElementsInCurrentOnly>
<bounds x="595" y="475" width="274" height="160"/>
</OView>
<OView class="oracle.dbtools.crest.swingui.relational.TVTable" oid="ADB693C4-B776-BB78-4D5F-FAEF0E86A1A2" otype="Table" vid="714B70AE-CDB6-C0D9-5B1A-D893768ACEF9">
<hideElementsInCurrentOnly>false</hideElementsInCurrentOnly>
<bounds x="1148" y="49" width="231" height="114"/>
</OView>
<OView class="oracle.dbtools.crest.swingui.relational.TVTable" oid="CC8954DF-201A-1E78-2B3F-F320F522C954" otype="Table" vid="B7A844FA-363F-4937-A1A5-8A6557D355C7">
<hideElementsInCurrentOnly>false</hideElementsInCurrentOnly>
<bounds x="377" y="41" width="259" height="90"/>
</OView>
<OView class="oracle.dbtools.crest.swingui.relational.TVTable" oid="E698EB86-83CD-514B-B3E6-86F9D3278FDB" otype="Table" vid="705865F4-327F-4FFE-7719-4CA9E30CC05B">
<hideElementsInCurrentOnly>false</hideElementsInCurrentOnly>
<bounds x="1246" y="476" width="516" height="142"/>
</OView>
<OView class="oracle.dbtools.crest.swingui.relational.TVTable" oid="E7F90480-C46E-FFE0-F27B-684670D39607" otype="Table" vid="50BBCEF0-5B4A-3960-3280-04533AE2F0B0">
<hideElementsInCurrentOnly>false</hideElementsInCurrentOnly>
<bounds x="1469" y="248" width="209" height="75"/>
</OView>
</objectViews>
<connectors>
<Connector class="oracle.dbtools.crest.swingui.relational.TVFKRelation" oid="15B4BD68-F184-2D1F-2200-F360B55C2E54" otype="FKIndexAssociation" vid_source="72F3FCD2-161B-7356-4D1A-9C1666BF65A8" vid_target="D7BE2124-90B9-EC78-DF76-8EA750EC83BC">
<hideElementsInCurrentOnly>false</hideElementsInCurrentOnly>
<backgroundColor>-16777216</backgroundColor>
<lineWidth>1</lineWidth>
<points>
<point x="773" y="415"/>
<point x="773" y="475"/>
</points>
</Connector>
<Connector class="oracle.dbtools.crest.swingui.relational.TVFKRelation" oid="2697717B-9D19-DE04-00DA-647044847E42" otype="FKIndexAssociation" vid_source="72F3FCD2-161B-7356-4D1A-9C1666BF65A8" vid_target="F7DA8DE1-F36F-CFB4-8058-1B6F2B78140F">
<hideElementsInCurrentOnly>false</hideElementsInCurrentOnly>
<backgroundColor>-16777216</backgroundColor>
<lineWidth>1</lineWidth>
<points>
<point x="836" y="249"/>
<point x="836" y="213"/>
</points>
</Connector>
<Connector class="oracle.dbtools.crest.swingui.relational.TVFKRelation" oid="3A5E22AD-7849-A13E-CCF2-A1D74664B0BD" otype="FKIndexAssociation" vid_source="6DA4C243-65CF-4315-4F0A-8DF16E813C32" vid_target="D4407BFF-4427-528C-324C-C3AB0DDF648D">
<hideElementsInCurrentOnly>false</hideElementsInCurrentOnly>
<backgroundColor>-16777216</backgroundColor>
<lineWidth>1</lineWidth>
<points>
<point x="445" y="426"/>
<point x="445" y="477"/>
</points>
</Connector>
<Connector class="oracle.dbtools.crest.swingui.relational.TVFKRelation" oid="3EEB43B3-2F6B-01AB-E1E9-83D2293185B1" otype="FKIndexAssociation" vid_source="50BBCEF0-5B4A-3960-3280-04533AE2F0B0" vid_target="04832070-9020-44B3-33B1-06795CA3D885">
<hideElementsInCurrentOnly>false</hideElementsInCurrentOnly>
<backgroundColor>-16777216</backgroundColor>
<lineWidth>1</lineWidth>
<points>
<point x="1469" y="287"/>
<point x="1431" y="287"/>
</points>
</Connector>
<Connector class="oracle.dbtools.crest.swingui.relational.TVFKRelation" oid="414F76A6-86AE-3951-FCEA-A2027468384F" otype="FKIndexAssociation" vid_source="6DA4C243-65CF-4315-4F0A-8DF16E813C32" vid_target="72F3FCD2-161B-7356-4D1A-9C1666BF65A8">
<hideElementsInCurrentOnly>false</hideElementsInCurrentOnly>
<backgroundColor>-16777216</backgroundColor>
<lineWidth>1</lineWidth>
<points>
<point x="614" y="334"/>
<point x="677" y="334"/>
</points>
</Connector>
<Connector class="oracle.dbtools.crest.swingui.relational.TVFKRelation" oid="47CDDD50-EA8A-F99F-0C57-E4525FE6FA9C" otype="FKIndexAssociation" vid_source="28A79564-EB8D-8EE5-6874-84336FF37021" vid_target="8052CAD2-E6F3-8A09-11BB-B3606A4F49FE">
<hideElementsInCurrentOnly>false</hideElementsInCurrentOnly>
<backgroundColor>-16777216</backgroundColor>
<lineWidth>1</lineWidth>
<points>
<point x="137" y="264"/>
<point x="137" y="315"/>
</points>
</Connector>
<Connector class="oracle.dbtools.crest.swingui.relational.TVFKRelation" oid="5A172DC8-A011-33C3-8BA8-A7D749F5226A" otype="FKIndexAssociation" vid_source="BE1E02E0-5463-0B60-5E8B-3ADA430E250A" vid_target="705865F4-327F-4FFE-7719-4CA9E30CC05B">
<hideElementsInCurrentOnly>false</hideElementsInCurrentOnly>
<backgroundColor>-16777216</backgroundColor>
<lineWidth>1</lineWidth>
<points>
<point x="1225" y="562"/>
<point x="1246" y="562"/>
</points>
</Connector>
<Connector class="oracle.dbtools.crest.swingui.relational.TVFKRelation" oid="7B16110D-6596-A17A-E552-67A151C0EA74" otype="FKIndexAssociation" vid_source="714B70AE-CDB6-C0D9-5B1A-D893768ACEF9" vid_target="72F3FCD2-161B-7356-4D1A-9C1666BF65A8">
<hideElementsInCurrentOnly>false</hideElementsInCurrentOnly>
<backgroundColor>-16777216</backgroundColor>
<lineWidth>1</lineWidth>
<points>
<point x="1155" y="163"/>
<point x="993" y="249"/>
</points>
</Connector>
<Connector class="oracle.dbtools.crest.swingui.relational.TVFKRelation" oid="933898B9-39AA-2186-BC15-7AA982B43DE7" otype="FKIndexAssociation" vid_source="8052CAD2-E6F3-8A09-11BB-B3606A4F49FE" vid_target="6DA4C243-65CF-4315-4F0A-8DF16E813C32">
<hideElementsInCurrentOnly>false</hideElementsInCurrentOnly>
<backgroundColor>-16777216</backgroundColor>
<lineWidth>1</lineWidth>
<points>
<point x="279" y="370"/>
<point x="335" y="370"/>
</points>
</Connector>
<Connector class="oracle.dbtools.crest.swingui.relational.TVFKRelation" oid="9E5CF972-5045-27CC-777D-42EC510EF87D" otype="FKIndexAssociation" vid_source="B7A844FA-363F-4937-A1A5-8A6557D355C7" vid_target="F7DA8DE1-F36F-CFB4-8058-1B6F2B78140F">
<hideElementsInCurrentOnly>false</hideElementsInCurrentOnly>
<backgroundColor>-16777216</backgroundColor>
<lineWidth>1</lineWidth>
<points>
<point x="636" y="86"/>
<point x="676" y="86"/>
</points>
</Connector>
<Connector class="oracle.dbtools.crest.swingui.relational.TVFKRelation" oid="A2E9778A-18A4-0C03-E39A-7578E1F57084" otype="FKIndexAssociation" vid_source="D7BE2124-90B9-EC78-DF76-8EA750EC83BC" vid_target="BE1E02E0-5463-0B60-5E8B-3ADA430E250A">
<hideElementsInCurrentOnly>false</hideElementsInCurrentOnly>
<backgroundColor>-16777216</backgroundColor>
<lineWidth>1</lineWidth>
<points>
<point x="869" y="555"/>
<point x="902" y="555"/>
</points>
</Connector>
<Connector class="oracle.dbtools.crest.swingui.relational.TVFKRelation" oid="B2AFB12B-F89A-33F5-0F2C-17124F36666B" otype="FKIndexAssociation" vid_source="24324DED-B39F-A4CA-CE7A-19F4B6EF658D" vid_target="D4407BFF-4427-528C-324C-C3AB0DDF648D">
<hideElementsInCurrentOnly>false</hideElementsInCurrentOnly>
<backgroundColor>-16777216</backgroundColor>
<lineWidth>1</lineWidth>
<points>
<point x="237" y="514"/>
<point x="269" y="514"/>
</points>
</Connector>
<Connector class="oracle.dbtools.crest.swingui.relational.TVFKRelation" oid="B34B98D4-14A2-4D2F-C1DE-22624D1EB6E8" otype="FKIndexAssociation" vid_source="72F3FCD2-161B-7356-4D1A-9C1666BF65A8" vid_target="04832070-9020-44B3-33B1-06795CA3D885">
<hideElementsInCurrentOnly>false</hideElementsInCurrentOnly>
<backgroundColor>-16777216</backgroundColor>
<lineWidth>1</lineWidth>
<points>
<point x="995" y="313"/>
<point x="1040" y="313"/>
</points>
</Connector>
<Connector class="oracle.dbtools.crest.swingui.relational.TVFKRelation" oid="BE32DCF7-B541-842C-07B9-A666C4DC24FE" otype="FKIndexAssociation" vid_source="1B151D32-AA47-72D2-D0DE-A128FA7293F5" vid_target="28A79564-EB8D-8EE5-6874-84336FF37021">
<hideElementsInCurrentOnly>false</hideElementsInCurrentOnly>
<backgroundColor>-16777216</backgroundColor>
<lineWidth>1</lineWidth>
<points>
<point x="143" y="118"/>
<point x="143" y="147"/>
</points>
</Connector>
<Connector class="oracle.dbtools.crest.swingui.relational.TVFKRelation" oid="F74C60D7-F391-F2D4-8C4E-E0109499028B" otype="FKIndexAssociation" vid_source="705865F4-327F-4FFE-7719-4CA9E30CC05B" vid_target="BE1E02E0-5463-0B60-5E8B-3ADA430E250A">
<hideElementsInCurrentOnly>false</hideElementsInCurrentOnly>
<backgroundColor>-16777216</backgroundColor>
<lineWidth>1</lineWidth>
<points>
<point x="1246" y="547"/>
<point x="1225" y="547"/>
</points>
</Connector>
</connectors>
</Diagram>